start poin,end point,total cost,layer,path
13,13,0.000,Aizanoi,C:/Users/him628/Documents/Aizanoi-LCP.shp|layername=Aizanoi-LCP
13,460,8.565,Aizanoi,C:/Users/him628/Documents/Aizanoi-LCP.shp|layername=Aizanoi-LCP
13,334,9.856,Aizanoi,C:/Users/him628/Documents/Aizanoi-LCP.shp|layername=Aizanoi-LCP
13,40,10.066,Aizanoi,C:/Users/him628/Documents/Aizanoi-LCP.shp|layername=Aizanoi-LCP
13,91,11.772,Aizanoi,C:/Users/him628/Documents/Aizanoi-LCP.shp|layername=Aizanoi-LCP
13,347,11.772,Aizanoi,C:/Users/him628/Documents/Aizanoi-LCP.shp|layername=Aizanoi-LCP
13,365,13.056,Aizanoi,C:/Users/him628/Documents/Aizanoi-LCP.shp|layername=Aizanoi-LCP
13,330,13.265,Aizanoi,C:/Users/him628/Documents/Aizanoi-LCP.shp|layername=Aizanoi-LCP
13,66,13.414,Aizanoi,C:/Users/him628/Documents/Aizanoi-LCP.shp|layername=Aizanoi-LCP
13,34,13.414,Aizanoi,C:/Users/him628/Documents/Aizanoi-LCP.shp|layername=Aizanoi-LCP
13,41,13.956,Aizanoi,C:/Users/him628/Documents/Aizanoi-LCP.shp|layername=Aizanoi-LCP
13,26,14.805,Aizanoi,C:/Users/him628/Documents/Aizanoi-LCP.shp|layername=Aizanoi-LCP
13,100,14.805,Aizanoi,C:/Users/him628/Documents/Aizanoi-LCP.shp|layername=Aizanoi-LCP
13,92,15.389,Aizanoi,C:/Users/him628/Documents/Aizanoi-LCP.shp|layername=Aizanoi-LCP
13,28,15.389,Aizanoi,C:/Users/him628/Documents/Aizanoi-LCP.shp|layername=Aizanoi-LCP
13,409,16.010,Aizanoi,C:/Users/him628/Documents/Aizanoi-LCP.shp|layername=Aizanoi-LCP
13,387,16.193,Aizanoi,C:/Users/him628/Documents/Aizanoi-LCP.shp|layername=Aizanoi-LCP
13,411,16.987,Aizanoi,C:/Users/him628/Documents/Aizanoi-LCP.shp|layername=Aizanoi-LCP
13,102,17.733,Aizanoi,C:/Users/him628/Documents/Aizanoi-LCP.shp|layername=Aizanoi-LCP
13,139,18.018,Aizanoi,C:/Users/him628/Documents/Aizanoi-LCP.shp|layername=Aizanoi-LCP
13,121,18.772,Aizanoi,C:/Users/him628/Documents/Aizanoi-LCP.shp|layername=Aizanoi-LCP
13,364,18.772,Aizanoi,C:/Users/him628/Documents/Aizanoi-LCP.shp|layername=Aizanoi-LCP
13,212,20.647,Aizanoi,C:/Users/him628/Documents/Aizanoi-LCP.shp|layername=Aizanoi-LCP
13,216,20.647,Aizanoi,C:/Users/him628/Documents/Aizanoi-LCP.shp|layername=Aizanoi-LCP
13,336,26.191,Aizanoi,C:/Users/him628/Documents/Aizanoi-LCP.shp|layername=Aizanoi-LCP
13,16,27.326,Aizanoi,C:/Users/him628/Documents/Aizanoi-LCP.shp|layername=Aizanoi-LCP
13,57,29.176,Aizanoi,C:/Users/him628/Documents/Aizanoi-LCP.shp|layername=Aizanoi-LCP
13,63,32.409,Aizanoi,C:/Users/him628/Documents/Aizanoi-LCP.shp|layername=Aizanoi-LCP
16,16,0.000,Alexandreia,C:/Users/him628/Documents/Alexandreia-LCP.shp|layername=Alexandreia-LCP
16,212,9.352,Alexandreia,C:/Users/him628/Documents/Alexandreia-LCP.shp|layername=Alexandreia-LCP
16,216,9.352,Alexandreia,C:/Users/him628/Documents/Alexandreia-LCP.shp|layername=Alexandreia-LCP
16,121,12.187,Alexandreia,C:/Users/him628/Documents/Alexandreia-LCP.shp|layername=Alexandreia-LCP
16,364,12.187,Alexandreia,C:/Users/him628/Documents/Alexandreia-LCP.shp|layername=Alexandreia-LCP
16,411,12.733,Alexandreia,C:/Users/him628/Documents/Alexandreia-LCP.shp|layername=Alexandreia-LCP
16,330,14.560,Alexandreia,C:/Users/him628/Documents/Alexandreia-LCP.shp|layername=Alexandreia-LCP
16,336,14.895,Alexandreia,C:/Users/him628/Documents/Alexandreia-LCP.shp|layername=Alexandreia-LCP
16,92,16.519,Alexandreia,C:/Users/him628/Documents/Alexandreia-LCP.shp|layername=Alexandreia-LCP
16,28,16.519,Alexandreia,C:/Users/him628/Documents/Alexandreia-LCP.shp|layername=Alexandreia-LCP
16,26,16.525,Alexandreia,C:/Users/him628/Documents/Alexandreia-LCP.shp|layername=Alexandreia-LCP
16,100,16.525,Alexandreia,C:/Users/him628/Documents/Alexandreia-LCP.shp|layername=Alexandreia-LCP
16,102,16.783,Alexandreia,C:/Users/him628/Documents/Alexandreia-LCP.shp|layername=Alexandreia-LCP
16,139,17.747,Alexandreia,C:/Users/him628/Documents/Alexandreia-LCP.shp|layername=Alexandreia-LCP
16,409,18.162,Alexandreia,C:/Users/him628/Documents/Alexandreia-LCP.shp|layername=Alexandreia-LCP
16,91,20.999,Alexandreia,C:/Users/him628/Documents/Alexandreia-LCP.shp|layername=Alexandreia-LCP
16,347,20.999,Alexandreia,C:/Users/him628/Documents/Alexandreia-LCP.shp|layername=Alexandreia-LCP
16,365,21.983,Alexandreia,C:/Users/him628/Documents/Alexandreia-LCP.shp|layername=Alexandreia-LCP
16,57,22.083,Alexandreia,C:/Users/him628/Documents/Alexandreia-LCP.shp|layername=Alexandreia-LCP
16,41,22.509,Alexandreia,C:/Users/him628/Documents/Alexandreia-LCP.shp|layername=Alexandreia-LCP
16,66,22.596,Alexandreia,C:/Users/him628/Documents/Alexandreia-LCP.shp|layername=Alexandreia-LCP
16,34,22.596,Alexandreia,C:/Users/him628/Documents/Alexandreia-LCP.shp|layername=Alexandreia-LCP
16,334,22.979,Alexandreia,C:/Users/him628/Documents/Alexandreia-LCP.shp|layername=Alexandreia-LCP
16,40,23.106,Alexandreia,C:/Users/him628/Documents/Alexandreia-LCP.shp|layername=Alexandreia-LCP
16,460,24.896,Alexandreia,C:/Users/him628/Documents/Alexandreia-LCP.shp|layername=Alexandreia-LCP
16,13,27.326,Alexandreia,C:/Users/him628/Documents/Alexandreia-LCP.shp|layername=Alexandreia-LCP
16,387,28.446,Alexandreia,C:/Users/him628/Documents/Alexandreia-LCP.shp|layername=Alexandreia-LCP
16,63,40.546,Alexandreia,C:/Users/him628/Documents/Alexandreia-LCP.shp|layername=Alexandreia-LCP
26,26,0.000,Antioch,C:/Users/him628/Documents/Antioch-LCP.shp|layername=Antioch-LCP
26,100,0.000,Antioch,C:/Users/him628/Documents/Antioch-LCP.shp|layername=Antioch-LCP
26,92,0.865,Antioch,C:/Users/him628/Documents/Antioch-LCP.shp|layername=Antioch-LCP
26,28,0.865,Antioch,C:/Users/him628/Documents/Antioch-LCP.shp|layername=Antioch-LCP
26,409,3.530,Antioch,C:/Users/him628/Documents/Antioch-LCP.shp|layername=Antioch-LCP
26,411,3.791,Antioch,C:/Users/him628/Documents/Antioch-LCP.shp|layername=Antioch-LCP
26,330,3.918,Antioch,C:/Users/him628/Documents/Antioch-LCP.shp|layername=Antioch-LCP
26,121,5.576,Antioch,C:/Users/him628/Documents/Antioch-LCP.shp|layername=Antioch-LCP
26,364,5.576,Antioch,C:/Users/him628/Documents/Antioch-LCP.shp|layername=Antioch-LCP
26,212,7.452,Antioch,C:/Users/him628/Documents/Antioch-LCP.shp|layername=Antioch-LCP
26,216,7.452,Antioch,C:/Users/him628/Documents/Antioch-LCP.shp|layername=Antioch-LCP
26,91,11.824,Antioch,C:/Users/him628/Documents/Antioch-LCP.shp|layername=Antioch-LCP
26,347,11.824,Antioch,C:/Users/him628/Documents/Antioch-LCP.shp|layername=Antioch-LCP
26,336,12.995,Antioch,C:/Users/him628/Documents/Antioch-LCP.shp|layername=Antioch-LCP
26,365,13.724,Antioch,C:/Users/him628/Documents/Antioch-LCP.shp|layername=Antioch-LCP
26,102,13.795,Antioch,C:/Users/him628/Documents/Antioch-LCP.shp|layername=Antioch-LCP
26,334,13.804,Antioch,C:/Users/him628/Documents/Antioch-LCP.shp|layername=Antioch-LCP
26,40,13.931,Antioch,C:/Users/him628/Documents/Antioch-LCP.shp|layername=Antioch-LCP
26,139,14.080,Antioch,C:/Users/him628/Documents/Antioch-LCP.shp|layername=Antioch-LCP
26,13,14.805,Antioch,C:/Users/him628/Documents/Antioch-LCP.shp|layername=Antioch-LCP
26,460,15.721,Antioch,C:/Users/him628/Documents/Antioch-LCP.shp|layername=Antioch-LCP
26,16,16.525,Antioch,C:/Users/him628/Documents/Antioch-LCP.shp|layername=Antioch-LCP
26,41,18.002,Antioch,C:/Users/him628/Documents/Antioch-LCP.shp|layername=Antioch-LCP
26,66,18.089,Antioch,C:/Users/him628/Documents/Antioch-LCP.shp|layername=Antioch-LCP
26,34,18.089,Antioch,C:/Users/him628/Documents/Antioch-LCP.shp|layername=Antioch-LCP
26,387,23.316,Antioch,C:/Users/him628/Documents/Antioch-LCP.shp|layername=Antioch-LCP
26,57,25.238,Antioch,C:/Users/him628/Documents/Antioch-LCP.shp|layername=Antioch-LCP
26,63,38.122,Antioch,C:/Users/him628/Documents/Antioch-LCP.shp|layername=Antioch-LCP
28,92,0.000,Apamea,C:/Users/him628/Documents/Apamea-LCP.shp|layername=Apamea-LCP
28,28,0.000,Apamea,C:/Users/him628/Documents/Apamea-LCP.shp|layername=Apamea-LCP
28,26,0.865,Apamea,C:/Users/him628/Documents/Apamea-LCP.shp|layername=Apamea-LCP
28,100,0.865,Apamea,C:/Users/him628/Documents/Apamea-LCP.shp|layername=Apamea-LCP
28,411,3.785,Apamea,C:/Users/him628/Documents/Apamea-LCP.shp|layername=Apamea-LCP
28,330,4.015,Apamea,C:/Users/him628/Documents/Apamea-LCP.shp|layername=Apamea-LCP
28,409,4.395,Apamea,C:/Users/him628/Documents/Apamea-LCP.shp|layername=Apamea-LCP
28,121,5.570,Apamea,C:/Users/him628/Documents/Apamea-LCP.shp|layername=Apamea-LCP
28,364,5.570,Apamea,C:/Users/him628/Documents/Apamea-LCP.shp|layername=Apamea-LCP
28,212,7.446,Apamea,C:/Users/him628/Documents/Apamea-LCP.shp|layername=Apamea-LCP
28,216,7.446,Apamea,C:/Users/him628/Documents/Apamea-LCP.shp|layername=Apamea-LCP
28,91,12.407,Apamea,C:/Users/him628/Documents/Apamea-LCP.shp|layername=Apamea-LCP
28,347,12.407,Apamea,C:/Users/him628/Documents/Apamea-LCP.shp|layername=Apamea-LCP
28,336,12.989,Apamea,C:/Users/him628/Documents/Apamea-LCP.shp|layername=Apamea-LCP
28,365,14.307,Apamea,C:/Users/him628/Documents/Apamea-LCP.shp|layername=Apamea-LCP
28,102,14.378,Apamea,C:/Users/him628/Documents/Apamea-LCP.shp|layername=Apamea-LCP
28,334,14.387,Apamea,C:/Users/him628/Documents/Apamea-LCP.shp|layername=Apamea-LCP
28,40,14.515,Apamea,C:/Users/him628/Documents/Apamea-LCP.shp|layername=Apamea-LCP
28,139,14.663,Apamea,C:/Users/him628/Documents/Apamea-LCP.shp|layername=Apamea-LCP
28,13,15.389,Apamea,C:/Users/him628/Documents/Apamea-LCP.shp|layername=Apamea-LCP
28,460,16.305,Apamea,C:/Users/him628/Documents/Apamea-LCP.shp|layername=Apamea-LCP
28,16,16.519,Apamea,C:/Users/him628/Documents/Apamea-LCP.shp|layername=Apamea-LCP
28,41,18.585,Apamea,C:/Users/him628/Documents/Apamea-LCP.shp|layername=Apamea-LCP
28,66,18.673,Apamea,C:/Users/him628/Documents/Apamea-LCP.shp|layername=Apamea-LCP
28,34,18.673,Apamea,C:/Users/him628/Documents/Apamea-LCP.shp|layername=Apamea-LCP
28,387,23.900,Apamea,C:/Users/him628/Documents/Apamea-LCP.shp|layername=Apamea-LCP
28,57,25.822,Apamea,C:/Users/him628/Documents/Apamea-LCP.shp|layername=Apamea-LCP
28,63,38.706,Apamea,C:/Users/him628/Documents/Apamea-LCP.shp|layername=Apamea-LCP
34,66,0.000,Argos,C:/Users/him628/Documents/Argos-LCP.shp|layername=Argos-LCP
34,34,0.000,Argos,C:/Users/him628/Documents/Argos-LCP.shp|layername=Argos-LCP
34,41,1.580,Argos,C:/Users/him628/Documents/Argos-LCP.shp|layername=Argos-LCP
34,460,4.849,Argos,C:/Users/him628/Documents/Argos-LCP.shp|layername=Argos-LCP
34,387,5.850,Argos,C:/Users/him628/Documents/Argos-LCP.shp|layername=Argos-LCP
34,40,6.482,Argos,C:/Users/him628/Documents/Argos-LCP.shp|layername=Argos-LCP
34,102,6.544,Argos,C:/Users/him628/Documents/Argos-LCP.shp|layername=Argos-LCP
34,139,7.719,Argos,C:/Users/him628/Documents/Argos-LCP.shp|layername=Argos-LCP
34,334,7.929,Argos,C:/Users/him628/Documents/Argos-LCP.shp|layername=Argos-LCP
34,91,8.589,Argos,C:/Users/him628/Documents/Argos-LCP.shp|layername=Argos-LCP
34,347,8.589,Argos,C:/Users/him628/Documents/Argos-LCP.shp|layername=Argos-LCP
34,365,9.009,Argos,C:/Users/him628/Documents/Argos-LCP.shp|layername=Argos-LCP
34,13,13.414,Argos,C:/Users/him628/Documents/Argos-LCP.shp|layername=Argos-LCP
34,330,16.549,Argos,C:/Users/him628/Documents/Argos-LCP.shp|layername=Argos-LCP
34,57,16.973,Argos,C:/Users/him628/Documents/Argos-LCP.shp|layername=Argos-LCP
34,26,18.089,Argos,C:/Users/him628/Documents/Argos-LCP.shp|layername=Argos-LCP
34,100,18.089,Argos,C:/Users/him628/Documents/Argos-LCP.shp|layername=Argos-LCP
34,92,18.673,Argos,C:/Users/him628/Documents/Argos-LCP.shp|layername=Argos-LCP
34,28,18.673,Argos,C:/Users/him628/Documents/Argos-LCP.shp|layername=Argos-LCP
34,409,19.294,Argos,C:/Users/him628/Documents/Argos-LCP.shp|layername=Argos-LCP
34,63,20.033,Argos,C:/Users/him628/Documents/Argos-LCP.shp|layername=Argos-LCP
34,411,20.271,Argos,C:/Users/him628/Documents/Argos-LCP.shp|layername=Argos-LCP
34,121,22.056,Argos,C:/Users/him628/Documents/Argos-LCP.shp|layername=Argos-LCP
34,364,22.056,Argos,C:/Users/him628/Documents/Argos-LCP.shp|layername=Argos-LCP
34,16,22.596,Argos,C:/Users/him628/Documents/Argos-LCP.shp|layername=Argos-LCP
34,212,23.931,Argos,C:/Users/him628/Documents/Argos-LCP.shp|layername=Argos-LCP
34,216,23.931,Argos,C:/Users/him628/Documents/Argos-LCP.shp|layername=Argos-LCP
34,336,29.475,Argos,C:/Users/him628/Documents/Argos-LCP.shp|layername=Argos-LCP
40,40,0.000,Assos,C:/Users/him628/Documents/Assos-LCP.shp|layername=Assos-LCP
40,460,1.790,Assos,C:/Users/him628/Documents/Assos-LCP.shp|layername=Assos-LCP
40,91,2.107,Assos,C:/Users/him628/Documents/Assos-LCP.shp|layername=Assos-LCP
40,347,2.107,Assos,C:/Users/him628/Documents/Assos-LCP.shp|layername=Assos-LCP
40,365,2.990,Assos,C:/Users/him628/Documents/Assos-LCP.shp|layername=Assos-LCP
40,334,3.070,Assos,C:/Users/him628/Documents/Assos-LCP.shp|layername=Assos-LCP
40,66,6.482,Assos,C:/Users/him628/Documents/Assos-LCP.shp|layername=Assos-LCP
40,34,6.482,Assos,C:/Users/him628/Documents/Assos-LCP.shp|layername=Assos-LCP
40,41,7.024,Assos,C:/Users/him628/Documents/Assos-LCP.shp|layername=Assos-LCP
40,102,8.068,Assos,C:/Users/him628/Documents/Assos-LCP.shp|layername=Assos-LCP
40,139,8.353,Assos,C:/Users/him628/Documents/Assos-LCP.shp|layername=Assos-LCP
40,387,9.385,Assos,C:/Users/him628/Documents/Assos-LCP.shp|layername=Assos-LCP
40,13,10.066,Assos,C:/Users/him628/Documents/Assos-LCP.shp|layername=Assos-LCP
40,330,12.391,Assos,C:/Users/him628/Documents/Assos-LCP.shp|layername=Assos-LCP
40,26,13.931,Assos,C:/Users/him628/Documents/Assos-LCP.shp|layername=Assos-LCP
40,100,13.931,Assos,C:/Users/him628/Documents/Assos-LCP.shp|layername=Assos-LCP
40,92,14.515,Assos,C:/Users/him628/Documents/Assos-LCP.shp|layername=Assos-LCP
40,28,14.515,Assos,C:/Users/him628/Documents/Assos-LCP.shp|layername=Assos-LCP
40,409,15.136,Assos,C:/Users/him628/Documents/Assos-LCP.shp|layername=Assos-LCP
40,411,16.113,Assos,C:/Users/him628/Documents/Assos-LCP.shp|layername=Assos-LCP
40,121,17.898,Assos,C:/Users/him628/Documents/Assos-LCP.shp|layername=Assos-LCP
40,364,17.898,Assos,C:/Users/him628/Documents/Assos-LCP.shp|layername=Assos-LCP
40,57,19.512,Assos,C:/Users/him628/Documents/Assos-LCP.shp|layername=Assos-LCP
40,212,19.773,Assos,C:/Users/him628/Documents/Assos-LCP.shp|layername=Assos-LCP
40,216,19.773,Assos,C:/Users/him628/Documents/Assos-LCP.shp|layername=Assos-LCP
40,16,23.106,Assos,C:/Users/him628/Documents/Assos-LCP.shp|layername=Assos-LCP
40,336,25.317,Assos,C:/Users/him628/Documents/Assos-LCP.shp|layername=Assos-LCP
40,63,25.477,Assos,C:/Users/him628/Documents/Assos-LCP.shp|layername=Assos-LCP
41,41,0.000,Athens,C:/Users/him628/Documents/Athens-LCP.shp|layername=Athens-LCP
41,66,1.580,Athens,C:/Users/him628/Documents/Athens-LCP.shp|layername=Athens-LCP
41,34,1.580,Athens,C:/Users/him628/Documents/Athens-LCP.shp|layername=Athens-LCP
41,460,5.391,Athens,C:/Users/him628/Documents/Athens-LCP.shp|layername=Athens-LCP
41,102,6.602,Athens,C:/Users/him628/Documents/Athens-LCP.shp|layername=Athens-LCP
41,387,6.881,Athens,C:/Users/him628/Documents/Athens-LCP.shp|layername=Athens-LCP
41,40,7.024,Athens,C:/Users/him628/Documents/Athens-LCP.shp|layername=Athens-LCP
41,139,7.632,Athens,C:/Users/him628/Documents/Athens-LCP.shp|layername=Athens-LCP
41,334,8.471,Athens,C:/Users/him628/Documents/Athens-LCP.shp|layername=Athens-LCP
41,365,8.640,Athens,C:/Users/him628/Documents/Athens-LCP.shp|layername=Athens-LCP
41,91,9.131,Athens,C:/Users/him628/Documents/Athens-LCP.shp|layername=Athens-LCP
41,347,9.131,Athens,C:/Users/him628/Documents/Athens-LCP.shp|layername=Athens-LCP
41,13,13.956,Athens,C:/Users/him628/Documents/Athens-LCP.shp|layername=Athens-LCP
41,330,16.462,Athens,C:/Users/him628/Documents/Athens-LCP.shp|layername=Athens-LCP
41,57,17.030,Athens,C:/Users/him628/Documents/Athens-LCP.shp|layername=Athens-LCP
41,26,18.002,Athens,C:/Users/him628/Documents/Athens-LCP.shp|layername=Athens-LCP
41,100,18.002,Athens,C:/Users/him628/Documents/Athens-LCP.shp|layername=Athens-LCP
41,92,18.585,Athens,C:/Users/him628/Documents/Athens-LCP.shp|layername=Athens-LCP
41,28,18.585,Athens,C:/Users/him628/Documents/Athens-LCP.shp|layername=Athens-LCP
41,409,19.207,Athens,C:/Users/him628/Documents/Athens-LCP.shp|layername=Athens-LCP
41,411,20.184,Athens,C:/Users/him628/Documents/Athens-LCP.shp|layername=Athens-LCP
41,63,21.163,Athens,C:/Users/him628/Documents/Athens-LCP.shp|layername=Athens-LCP
41,121,21.969,Athens,C:/Users/him628/Documents/Athens-LCP.shp|layername=Athens-LCP
41,364,21.969,Athens,C:/Users/him628/Documents/Athens-LCP.shp|layername=Athens-LCP
41,16,22.509,Athens,C:/Users/him628/Documents/Athens-LCP.shp|layername=Athens-LCP
41,212,23.844,Athens,C:/Users/him628/Documents/Athens-LCP.shp|layername=Athens-LCP
41,216,23.844,Athens,C:/Users/him628/Documents/Athens-LCP.shp|layername=Athens-LCP
41,336,29.388,Athens,C:/Users/him628/Documents/Athens-LCP.shp|layername=Athens-LCP
57,57,0.000,Berenice,C:/Users/him628/Documents/Berenice-LCP.shp|layername=Berenice-LCP
57,102,11.531,Berenice,C:/Users/him628/Documents/Berenice-LCP.shp|layername=Berenice-LCP
57,139,14.066,Berenice,C:/Users/him628/Documents/Berenice-LCP.shp|layername=Berenice-LCP
57,66,16.973,Berenice,C:/Users/him628/Documents/Berenice-LCP.shp|layername=Berenice-LCP
57,34,16.973,Berenice,C:/Users/him628/Documents/Berenice-LCP.shp|layername=Berenice-LCP
57,41,17.030,Berenice,C:/Users/him628/Documents/Berenice-LCP.shp|layername=Berenice-LCP
57,91,17.404,Berenice,C:/Users/him628/Documents/Berenice-LCP.shp|layername=Berenice-LCP
57,347,17.404,Berenice,C:/Users/him628/Documents/Berenice-LCP.shp|layername=Berenice-LCP
57,365,18.264,Berenice,C:/Users/him628/Documents/Berenice-LCP.shp|layername=Berenice-LCP
57,63,18.462,Berenice,C:/Users/him628/Documents/Berenice-LCP.shp|layername=Berenice-LCP
57,334,19.384,Berenice,C:/Users/him628/Documents/Berenice-LCP.shp|layername=Berenice-LCP
57,40,19.512,Berenice,C:/Users/him628/Documents/Berenice-LCP.shp|layername=Berenice-LCP
57,460,21.302,Berenice,C:/Users/him628/Documents/Berenice-LCP.shp|layername=Berenice-LCP
57,16,22.083,Berenice,C:/Users/him628/Documents/Berenice-LCP.shp|layername=Berenice-LCP
57,387,22.823,Berenice,C:/Users/him628/Documents/Berenice-LCP.shp|layername=Berenice-LCP
57,330,23.698,Berenice,C:/Users/him628/Documents/Berenice-LCP.shp|layername=Berenice-LCP
57,26,25.238,Berenice,C:/Users/him628/Documents/Berenice-LCP.shp|layername=Berenice-LCP
57,100,25.238,Berenice,C:/Users/him628/Documents/Berenice-LCP.shp|layername=Berenice-LCP
57,92,25.822,Berenice,C:/Users/him628/Documents/Berenice-LCP.shp|layername=Berenice-LCP
57,28,25.822,Berenice,C:/Users/him628/Documents/Berenice-LCP.shp|layername=Berenice-LCP
57,409,26.443,Berenice,C:/Users/him628/Documents/Berenice-LCP.shp|layername=Berenice-LCP
57,411,27.420,Berenice,C:/Users/him628/Documents/Berenice-LCP.shp|layername=Berenice-LCP
57,13,29.176,Berenice,C:/Users/him628/Documents/Berenice-LCP.shp|layername=Berenice-LCP
57,121,29.205,Berenice,C:/Users/him628/Documents/Berenice-LCP.shp|layername=Berenice-LCP
57,364,29.205,Berenice,C:/Users/him628/Documents/Berenice-LCP.shp|layername=Berenice-LCP
57,212,31.080,Berenice,C:/Users/him628/Documents/Berenice-LCP.shp|layername=Berenice-LCP
57,216,31.080,Berenice,C:/Users/him628/Documents/Berenice-LCP.shp|layername=Berenice-LCP
57,336,36.624,Berenice,C:/Users/him628/Documents/Berenice-LCP.shp|layername=Berenice-LCP
63,63,0.000,Carthage,C:/Users/him628/Documents/Carthage-LCP.shp|layername=Carthage-LCP
63,57,18.462,Carthage,C:/Users/him628/Documents/Carthage-LCP.shp|layername=Carthage-LCP
63,66,20.033,Carthage,C:/Users/him628/Documents/Carthage-LCP.shp|layername=Carthage-LCP
63,34,20.033,Carthage,C:/Users/him628/Documents/Carthage-LCP.shp|layername=Carthage-LCP
63,41,21.163,Carthage,C:/Users/him628/Documents/Carthage-LCP.shp|layername=Carthage-LCP
63,460,23.844,Carthage,C:/Users/him628/Documents/Carthage-LCP.shp|layername=Carthage-LCP
63,387,24.733,Carthage,C:/Users/him628/Documents/Carthage-LCP.shp|layername=Carthage-LCP
63,40,25.477,Carthage,C:/Users/him628/Documents/Carthage-LCP.shp|layername=Carthage-LCP
63,102,26.577,Carthage,C:/Users/him628/Documents/Carthage-LCP.shp|layername=Carthage-LCP
63,334,26.924,Carthage,C:/Users/him628/Documents/Carthage-LCP.shp|layername=Carthage-LCP
63,91,27.584,Carthage,C:/Users/him628/Documents/Carthage-LCP.shp|layername=Carthage-LCP
63,347,27.584,Carthage,C:/Users/him628/Documents/Carthage-LCP.shp|layername=Carthage-LCP
63,139,27.752,Carthage,C:/Users/him628/Documents/Carthage-LCP.shp|layername=Carthage-LCP
63,365,28.004,Carthage,C:/Users/him628/Documents/Carthage-LCP.shp|layername=Carthage-LCP
63,13,32.409,Carthage,C:/Users/him628/Documents/Carthage-LCP.shp|layername=Carthage-LCP
63,330,36.582,Carthage,C:/Users/him628/Documents/Carthage-LCP.shp|layername=Carthage-LCP
63,26,38.122,Carthage,C:/Users/him628/Documents/Carthage-LCP.shp|layername=Carthage-LCP
63,100,38.122,Carthage,C:/Users/him628/Documents/Carthage-LCP.shp|layername=Carthage-LCP
63,92,38.706,Carthage,C:/Users/him628/Documents/Carthage-LCP.shp|layername=Carthage-LCP
63,28,38.706,Carthage,C:/Users/him628/Documents/Carthage-LCP.shp|layername=Carthage-LCP
63,409,39.327,Carthage,C:/Users/him628/Documents/Carthage-LCP.shp|layername=Carthage-LCP
63,411,40.304,Carthage,C:/Users/him628/Documents/Carthage-LCP.shp|layername=Carthage-LCP
63,16,40.546,Carthage,C:/Users/him628/Documents/Carthage-LCP.shp|layername=Carthage-LCP
63,121,42.089,Carthage,C:/Users/him628/Documents/Carthage-LCP.shp|layername=Carthage-LCP
63,364,42.089,Carthage,C:/Users/him628/Documents/Carthage-LCP.shp|layername=Carthage-LCP
63,212,43.964,Carthage,C:/Users/him628/Documents/Carthage-LCP.shp|layername=Carthage-LCP
63,216,43.964,Carthage,C:/Users/him628/Documents/Carthage-LCP.shp|layername=Carthage-LCP
63,336,49.508,Carthage,C:/Users/him628/Documents/Carthage-LCP.shp|layername=Carthage-LCP
66,66,0.000,Corinth,C:/Users/him628/Documents/Corinth-LCP.shp|layername=Corinth-LCP
66,34,0.000,Corinth,C:/Users/him628/Documents/Corinth-LCP.shp|layername=Corinth-LCP
66,41,1.580,Corinth,C:/Users/him628/Documents/Corinth-LCP.shp|layername=Corinth-LCP
66,460,4.849,Corinth,C:/Users/him628/Documents/Corinth-LCP.shp|layername=Corinth-LCP
66,387,5.850,Corinth,C:/Users/him628/Documents/Corinth-LCP.shp|layername=Corinth-LCP
66,40,6.482,Corinth,C:/Users/him628/Documents/Corinth-LCP.shp|layername=Corinth-LCP
66,102,6.544,Corinth,C:/Users/him628/Documents/Corinth-LCP.shp|layername=Corinth-LCP
66,139,7.719,Corinth,C:/Users/him628/Documents/Corinth-LCP.shp|layername=Corinth-LCP
66,334,7.929,Corinth,C:/Users/him628/Documents/Corinth-LCP.shp|layername=Corinth-LCP
66,91,8.589,Corinth,C:/Users/him628/Documents/Corinth-LCP.shp|layername=Corinth-LCP
66,347,8.589,Corinth,C:/Users/him628/Documents/Corinth-LCP.shp|layername=Corinth-LCP
66,365,9.009,Corinth,C:/Users/him628/Documents/Corinth-LCP.shp|layername=Corinth-LCP
66,13,13.414,Corinth,C:/Users/him628/Documents/Corinth-LCP.shp|layername=Corinth-LCP
66,330,16.549,Corinth,C:/Users/him628/Documents/Corinth-LCP.shp|layername=Corinth-LCP
66,57,16.973,Corinth,C:/Users/him628/Documents/Corinth-LCP.shp|layername=Corinth-LCP
66,26,18.089,Corinth,C:/Users/him628/Documents/Corinth-LCP.shp|layername=Corinth-LCP
66,100,18.089,Corinth,C:/Users/him628/Documents/Corinth-LCP.shp|layername=Corinth-LCP
66,92,18.673,Corinth,C:/Users/him628/Documents/Corinth-LCP.shp|layername=Corinth-LCP
66,28,18.673,Corinth,C:/Users/him628/Documents/Corinth-LCP.shp|layername=Corinth-LCP
66,409,19.294,Corinth,C:/Users/him628/Documents/Corinth-LCP.shp|layername=Corinth-LCP
66,63,20.033,Corinth,C:/Users/him628/Documents/Corinth-LCP.shp|layername=Corinth-LCP
66,411,20.271,Corinth,C:/Users/him628/Documents/Corinth-LCP.shp|layername=Corinth-LCP
66,121,22.056,Corinth,C:/Users/him628/Documents/Corinth-LCP.shp|layername=Corinth-LCP
66,364,22.056,Corinth,C:/Users/him628/Documents/Corinth-LCP.shp|layername=Corinth-LCP
66,16,22.596,Corinth,C:/Users/him628/Documents/Corinth-LCP.shp|layername=Corinth-LCP
66,212,23.931,Corinth,C:/Users/him628/Documents/Corinth-LCP.shp|layername=Corinth-LCP
66,216,23.931,Corinth,C:/Users/him628/Documents/Corinth-LCP.shp|layername=Corinth-LCP
66,336,29.475,Corinth,C:/Users/him628/Documents/Corinth-LCP.shp|layername=Corinth-LCP
91,91,0.000,Ephesos,C:/Users/him628/Documents/Ephesos-LCP.shp|layername=Ephesos-LCP
91,347,0.000,Ephesos,C:/Users/him628/Documents/Ephesos-LCP.shp|layername=Ephesos-LCP
91,365,1.900,Ephesos,C:/Users/him628/Documents/Ephesos-LCP.shp|layername=Ephesos-LCP
91,334,1.980,Ephesos,C:/Users/him628/Documents/Ephesos-LCP.shp|layername=Ephesos-LCP
91,40,2.107,Ephesos,C:/Users/him628/Documents/Ephesos-LCP.shp|layername=Ephesos-LCP
91,460,3.897,Ephesos,C:/Users/him628/Documents/Ephesos-LCP.shp|layername=Ephesos-LCP
91,102,5.961,Ephesos,C:/Users/him628/Documents/Ephesos-LCP.shp|layername=Ephesos-LCP
91,139,6.246,Ephesos,C:/Users/him628/Documents/Ephesos-LCP.shp|layername=Ephesos-LCP
91,66,8.589,Ephesos,C:/Users/him628/Documents/Ephesos-LCP.shp|layername=Ephesos-LCP
91,34,8.589,Ephesos,C:/Users/him628/Documents/Ephesos-LCP.shp|layername=Ephesos-LCP
91,41,9.131,Ephesos,C:/Users/him628/Documents/Ephesos-LCP.shp|layername=Ephesos-LCP
91,330,10.284,Ephesos,C:/Users/him628/Documents/Ephesos-LCP.shp|layername=Ephesos-LCP
91,387,11.493,Ephesos,C:/Users/him628/Documents/Ephesos-LCP.shp|layername=Ephesos-LCP
91,13,11.772,Ephesos,C:/Users/him628/Documents/Ephesos-LCP.shp|layername=Ephesos-LCP
91,26,11.824,Ephesos,C:/Users/him628/Documents/Ephesos-LCP.shp|layername=Ephesos-LCP
91,100,11.824,Ephesos,C:/Users/him628/Documents/Ephesos-LCP.shp|layername=Ephesos-LCP
91,92,12.407,Ephesos,C:/Users/him628/Documents/Ephesos-LCP.shp|layername=Ephesos-LCP
91,28,12.407,Ephesos,C:/Users/him628/Documents/Ephesos-LCP.shp|layername=Ephesos-LCP
91,409,13.029,Ephesos,C:/Users/him628/Documents/Ephesos-LCP.shp|layername=Ephesos-LCP
91,411,14.006,Ephesos,C:/Users/him628/Documents/Ephesos-LCP.shp|layername=Ephesos-LCP
91,121,15.791,Ephesos,C:/Users/him628/Documents/Ephesos-LCP.shp|layername=Ephesos-LCP
91,364,15.791,Ephesos,C:/Users/him628/Documents/Ephesos-LCP.shp|layername=Ephesos-LCP
91,57,17.404,Ephesos,C:/Users/him628/Documents/Ephesos-LCP.shp|layername=Ephesos-LCP
91,212,17.666,Ephesos,C:/Users/him628/Documents/Ephesos-LCP.shp|layername=Ephesos-LCP
91,216,17.666,Ephesos,C:/Users/him628/Documents/Ephesos-LCP.shp|layername=Ephesos-LCP
91,16,20.999,Ephesos,C:/Users/him628/Documents/Ephesos-LCP.shp|layername=Ephesos-LCP
91,336,23.210,Ephesos,C:/Users/him628/Documents/Ephesos-LCP.shp|layername=Ephesos-LCP
91,63,27.584,Ephesos,C:/Users/him628/Documents/Ephesos-LCP.shp|layername=Ephesos-LCP
92,92,0.000,Epiphaneia,C:/Users/him628/Documents/Epiphaneia-LCP.shp|layername=Epiphaneia-LCP
92,28,0.000,Epiphaneia,C:/Users/him628/Documents/Epiphaneia-LCP.shp|layername=Epiphaneia-LCP
92,26,0.865,Epiphaneia,C:/Users/him628/Documents/Epiphaneia-LCP.shp|layername=Epiphaneia-LCP
92,100,0.865,Epiphaneia,C:/Users/him628/Documents/Epiphaneia-LCP.shp|layername=Epiphaneia-LCP
92,411,3.785,Epiphaneia,C:/Users/him628/Documents/Epiphaneia-LCP.shp|layername=Epiphaneia-LCP
92,330,4.015,Epiphaneia,C:/Users/him628/Documents/Epiphaneia-LCP.shp|layername=Epiphaneia-LCP
92,409,4.395,Epiphaneia,C:/Users/him628/Documents/Epiphaneia-LCP.shp|layername=Epiphaneia-LCP
92,121,5.570,Epiphaneia,C:/Users/him628/Documents/Epiphaneia-LCP.shp|layername=Epiphaneia-LCP
92,364,5.570,Epiphaneia,C:/Users/him628/Documents/Epiphaneia-LCP.shp|layername=Epiphaneia-LCP
92,212,7.446,Epiphaneia,C:/Users/him628/Documents/Epiphaneia-LCP.shp|layername=Epiphaneia-LCP
92,216,7.446,Epiphaneia,C:/Users/him628/Documents/Epiphaneia-LCP.shp|layername=Epiphaneia-LCP
92,91,12.407,Epiphaneia,C:/Users/him628/Documents/Epiphaneia-LCP.shp|layername=Epiphaneia-LCP
92,347,12.407,Epiphaneia,C:/Users/him628/Documents/Epiphaneia-LCP.shp|layername=Epiphaneia-LCP
92,336,12.989,Epiphaneia,C:/Users/him628/Documents/Epiphaneia-LCP.shp|layername=Epiphaneia-LCP
92,365,14.307,Epiphaneia,C:/Users/him628/Documents/Epiphaneia-LCP.shp|layername=Epiphaneia-LCP
92,102,14.378,Epiphaneia,C:/Users/him628/Documents/Epiphaneia-LCP.shp|layername=Epiphaneia-LCP
92,334,14.387,Epiphaneia,C:/Users/him628/Documents/Epiphaneia-LCP.shp|layername=Epiphaneia-LCP
92,40,14.515,Epiphaneia,C:/Users/him628/Documents/Epiphaneia-LCP.shp|layername=Epiphaneia-LCP
92,139,14.663,Epiphaneia,C:/Users/him628/Documents/Epiphaneia-LCP.shp|layername=Epiphaneia-LCP
92,13,15.389,Epiphaneia,C:/Users/him628/Documents/Epiphaneia-LCP.shp|layername=Epiphaneia-LCP
92,460,16.305,Epiphaneia,C:/Users/him628/Documents/Epiphaneia-LCP.shp|layername=Epiphaneia-LCP
92,16,16.519,Epiphaneia,C:/Users/him628/Documents/Epiphaneia-LCP.shp|layername=Epiphaneia-LCP
92,41,18.585,Epiphaneia,C:/Users/him628/Documents/Epiphaneia-LCP.shp|layername=Epiphaneia-LCP
92,66,18.673,Epiphaneia,C:/Users/him628/Documents/Epiphaneia-LCP.shp|layername=Epiphaneia-LCP
92,34,18.673,Epiphaneia,C:/Users/him628/Documents/Epiphaneia-LCP.shp|layername=Epiphaneia-LCP
92,387,23.900,Epiphaneia,C:/Users/him628/Documents/Epiphaneia-LCP.shp|layername=Epiphaneia-LCP
92,57,25.822,Epiphaneia,C:/Users/him628/Documents/Epiphaneia-LCP.shp|layername=Epiphaneia-LCP
92,63,38.706,Epiphaneia,C:/Users/him628/Documents/Epiphaneia-LCP.shp|layername=Epiphaneia-LCP
100,26,0.000,Gindaros,C:/Users/him628/Documents/Gindaros-LCP.shp|layername=Gindaros-LCP
100,100,0.000,Gindaros,C:/Users/him628/Documents/Gindaros-LCP.shp|layername=Gindaros-LCP
100,92,0.865,Gindaros,C:/Users/him628/Documents/Gindaros-LCP.shp|layername=Gindaros-LCP
100,28,0.865,Gindaros,C:/Users/him628/Documents/Gindaros-LCP.shp|layername=Gindaros-LCP
100,409,3.530,Gindaros,C:/Users/him628/Documents/Gindaros-LCP.shp|layername=Gindaros-LCP
100,411,3.791,Gindaros,C:/Users/him628/Documents/Gindaros-LCP.shp|layername=Gindaros-LCP
100,330,3.918,Gindaros,C:/Users/him628/Documents/Gindaros-LCP.shp|layername=Gindaros-LCP
100,121,5.576,Gindaros,C:/Users/him628/Documents/Gindaros-LCP.shp|layername=Gindaros-LCP
100,364,5.576,Gindaros,C:/Users/him628/Documents/Gindaros-LCP.shp|layername=Gindaros-LCP
100,212,7.452,Gindaros,C:/Users/him628/Documents/Gindaros-LCP.shp|layername=Gindaros-LCP
100,216,7.452,Gindaros,C:/Users/him628/Documents/Gindaros-LCP.shp|layername=Gindaros-LCP
100,91,11.824,Gindaros,C:/Users/him628/Documents/Gindaros-LCP.shp|layername=Gindaros-LCP
100,347,11.824,Gindaros,C:/Users/him628/Documents/Gindaros-LCP.shp|layername=Gindaros-LCP
100,336,12.995,Gindaros,C:/Users/him628/Documents/Gindaros-LCP.shp|layername=Gindaros-LCP
100,365,13.724,Gindaros,C:/Users/him628/Documents/Gindaros-LCP.shp|layername=Gindaros-LCP
100,102,13.795,Gindaros,C:/Users/him628/Documents/Gindaros-LCP.shp|layername=Gindaros-LCP
100,334,13.804,Gindaros,C:/Users/him628/Documents/Gindaros-LCP.shp|layername=Gindaros-LCP
100,40,13.931,Gindaros,C:/Users/him628/Documents/Gindaros-LCP.shp|layername=Gindaros-LCP
100,139,14.080,Gindaros,C:/Users/him628/Documents/Gindaros-LCP.shp|layername=Gindaros-LCP
100,13,14.805,Gindaros,C:/Users/him628/Documents/Gindaros-LCP.shp|layername=Gindaros-LCP
100,460,15.721,Gindaros,C:/Users/him628/Documents/Gindaros-LCP.shp|layername=Gindaros-LCP
100,16,16.525,Gindaros,C:/Users/him628/Documents/Gindaros-LCP.shp|layername=Gindaros-LCP
100,41,18.002,Gindaros,C:/Users/him628/Documents/Gindaros-LCP.shp|layername=Gindaros-LCP
100,66,18.089,Gindaros,C:/Users/him628/Documents/Gindaros-LCP.shp|layername=Gindaros-LCP
100,34,18.089,Gindaros,C:/Users/him628/Documents/Gindaros-LCP.shp|layername=Gindaros-LCP
100,387,23.316,Gindaros,C:/Users/him628/Documents/Gindaros-LCP.shp|layername=Gindaros-LCP
100,57,25.238,Gindaros,C:/Users/him628/Documents/Gindaros-LCP.shp|layername=Gindaros-LCP
100,63,38.122,Gindaros,C:/Users/him628/Documents/Gindaros-LCP.shp|layername=Gindaros-LCP
102,102,0.000,Gortyn,C:/Users/him628/Documents/Gortyn-LCP.shp|layername=Gortyn-LCP
102,139,2.535,Gortyn,C:/Users/him628/Documents/Gortyn-LCP.shp|layername=Gortyn-LCP
102,91,5.961,Gortyn,C:/Users/him628/Documents/Gortyn-LCP.shp|layername=Gortyn-LCP
102,347,5.961,Gortyn,C:/Users/him628/Documents/Gortyn-LCP.shp|layername=Gortyn-LCP
102,66,6.544,Gortyn,C:/Users/him628/Documents/Gortyn-LCP.shp|layername=Gortyn-LCP
102,34,6.544,Gortyn,C:/Users/him628/Documents/Gortyn-LCP.shp|layername=Gortyn-LCP
102,41,6.602,Gortyn,C:/Users/him628/Documents/Gortyn-LCP.shp|layername=Gortyn-LCP
102,365,6.821,Gortyn,C:/Users/him628/Documents/Gortyn-LCP.shp|layername=Gortyn-LCP
102,334,7.941,Gortyn,C:/Users/him628/Documents/Gortyn-LCP.shp|layername=Gortyn-LCP
102,40,8.068,Gortyn,C:/Users/him628/Documents/Gortyn-LCP.shp|layername=Gortyn-LCP
102,460,9.858,Gortyn,C:/Users/him628/Documents/Gortyn-LCP.shp|layername=Gortyn-LCP
102,57,11.531,Gortyn,C:/Users/him628/Documents/Gortyn-LCP.shp|layername=Gortyn-LCP
102,330,12.255,Gortyn,C:/Users/him628/Documents/Gortyn-LCP.shp|layername=Gortyn-LCP
102,387,12.394,Gortyn,C:/Users/him628/Documents/Gortyn-LCP.shp|layername=Gortyn-LCP
102,26,13.795,Gortyn,C:/Users/him628/Documents/Gortyn-LCP.shp|layername=Gortyn-LCP
102,100,13.795,Gortyn,C:/Users/him628/Documents/Gortyn-LCP.shp|layername=Gortyn-LCP
102,92,14.378,Gortyn,C:/Users/him628/Documents/Gortyn-LCP.shp|layername=Gortyn-LCP
102,28,14.378,Gortyn,C:/Users/him628/Documents/Gortyn-LCP.shp|layername=Gortyn-LCP
102,409,15.000,Gortyn,C:/Users/him628/Documents/Gortyn-LCP.shp|layername=Gortyn-LCP
102,411,15.976,Gortyn,C:/Users/him628/Documents/Gortyn-LCP.shp|layername=Gortyn-LCP
102,16,16.783,Gortyn,C:/Users/him628/Documents/Gortyn-LCP.shp|layername=Gortyn-LCP
102,13,17.733,Gortyn,C:/Users/him628/Documents/Gortyn-LCP.shp|layername=Gortyn-LCP
102,121,17.761,Gortyn,C:/Users/him628/Documents/Gortyn-LCP.shp|layername=Gortyn-LCP
102,364,17.761,Gortyn,C:/Users/him628/Documents/Gortyn-LCP.shp|layername=Gortyn-LCP
102,212,19.637,Gortyn,C:/Users/him628/Documents/Gortyn-LCP.shp|layername=Gortyn-LCP
102,216,19.637,Gortyn,C:/Users/him628/Documents/Gortyn-LCP.shp|layername=Gortyn-LCP
102,336,25.180,Gortyn,C:/Users/him628/Documents/Gortyn-LCP.shp|layername=Gortyn-LCP
102,63,26.577,Gortyn,C:/Users/him628/Documents/Gortyn-LCP.shp|layername=Gortyn-LCP
121,121,0.000,Jerusalem,C:/Users/him628/Documents/Jerusalem-LCP.shp|layername=Jerusalem-LCP
121,364,0.000,Jerusalem,C:/Users/him628/Documents/Jerusalem-LCP.shp|layername=Jerusalem-LCP
121,411,1.785,Jerusalem,C:/Users/him628/Documents/Jerusalem-LCP.shp|layername=Jerusalem-LCP
121,212,2.835,Jerusalem,C:/Users/him628/Documents/Jerusalem-LCP.shp|layername=Jerusalem-LCP
121,216,2.835,Jerusalem,C:/Users/him628/Documents/Jerusalem-LCP.shp|layername=Jerusalem-LCP
121,92,5.570,Jerusalem,C:/Users/him628/Documents/Jerusalem-LCP.shp|layername=Jerusalem-LCP
121,28,5.570,Jerusalem,C:/Users/him628/Documents/Jerusalem-LCP.shp|layername=Jerusalem-LCP
121,26,5.576,Jerusalem,C:/Users/him628/Documents/Jerusalem-LCP.shp|layername=Jerusalem-LCP
121,100,5.576,Jerusalem,C:/Users/him628/Documents/Jerusalem-LCP.shp|layername=Jerusalem-LCP
121,330,7.366,Jerusalem,C:/Users/him628/Documents/Jerusalem-LCP.shp|layername=Jerusalem-LCP
121,336,8.379,Jerusalem,C:/Users/him628/Documents/Jerusalem-LCP.shp|layername=Jerusalem-LCP
121,409,8.399,Jerusalem,C:/Users/him628/Documents/Jerusalem-LCP.shp|layername=Jerusalem-LCP
121,16,12.187,Jerusalem,C:/Users/him628/Documents/Jerusalem-LCP.shp|layername=Jerusalem-LCP
121,91,15.791,Jerusalem,C:/Users/him628/Documents/Jerusalem-LCP.shp|layername=Jerusalem-LCP
121,347,15.791,Jerusalem,C:/Users/him628/Documents/Jerusalem-LCP.shp|layername=Jerusalem-LCP
121,365,17.691,Jerusalem,C:/Users/him628/Documents/Jerusalem-LCP.shp|layername=Jerusalem-LCP
121,102,17.761,Jerusalem,C:/Users/him628/Documents/Jerusalem-LCP.shp|layername=Jerusalem-LCP
121,334,17.771,Jerusalem,C:/Users/him628/Documents/Jerusalem-LCP.shp|layername=Jerusalem-LCP
121,40,17.898,Jerusalem,C:/Users/him628/Documents/Jerusalem-LCP.shp|layername=Jerusalem-LCP
121,139,18.047,Jerusalem,C:/Users/him628/Documents/Jerusalem-LCP.shp|layername=Jerusalem-LCP
121,13,18.772,Jerusalem,C:/Users/him628/Documents/Jerusalem-LCP.shp|layername=Jerusalem-LCP
121,460,19.688,Jerusalem,C:/Users/him628/Documents/Jerusalem-LCP.shp|layername=Jerusalem-LCP
121,41,21.969,Jerusalem,C:/Users/him628/Documents/Jerusalem-LCP.shp|layername=Jerusalem-LCP
121,66,22.056,Jerusalem,C:/Users/him628/Documents/Jerusalem-LCP.shp|layername=Jerusalem-LCP
121,34,22.056,Jerusalem,C:/Users/him628/Documents/Jerusalem-LCP.shp|layername=Jerusalem-LCP
121,387,27.283,Jerusalem,C:/Users/him628/Documents/Jerusalem-LCP.shp|layername=Jerusalem-LCP
121,57,29.205,Jerusalem,C:/Users/him628/Documents/Jerusalem-LCP.shp|layername=Jerusalem-LCP
121,63,42.089,Jerusalem,C:/Users/him628/Documents/Jerusalem-LCP.shp|layername=Jerusalem-LCP
139,139,0.000,Knossos,C:/Users/him628/Documents/Knossos-LCP.shp|layername=Knossos-LCP
139,102,2.535,Knossos,C:/Users/him628/Documents/Knossos-LCP.shp|layername=Knossos-LCP
139,91,6.246,Knossos,C:/Users/him628/Documents/Knossos-LCP.shp|layername=Knossos-LCP
139,347,6.246,Knossos,C:/Users/him628/Documents/Knossos-LCP.shp|layername=Knossos-LCP
139,365,7.106,Knossos,C:/Users/him628/Documents/Knossos-LCP.shp|layername=Knossos-LCP
139,41,7.632,Knossos,C:/Users/him628/Documents/Knossos-LCP.shp|layername=Knossos-LCP
139,66,7.719,Knossos,C:/Users/him628/Documents/Knossos-LCP.shp|layername=Knossos-LCP
139,34,7.719,Knossos,C:/Users/him628/Documents/Knossos-LCP.shp|layername=Knossos-LCP
139,334,8.226,Knossos,C:/Users/him628/Documents/Knossos-LCP.shp|layername=Knossos-LCP
139,40,8.353,Knossos,C:/Users/him628/Documents/Knossos-LCP.shp|layername=Knossos-LCP
139,460,10.143,Knossos,C:/Users/him628/Documents/Knossos-LCP.shp|layername=Knossos-LCP
139,330,12.540,Knossos,C:/Users/him628/Documents/Knossos-LCP.shp|layername=Knossos-LCP
139,387,13.569,Knossos,C:/Users/him628/Documents/Knossos-LCP.shp|layername=Knossos-LCP
139,57,14.066,Knossos,C:/Users/him628/Documents/Knossos-LCP.shp|layername=Knossos-LCP
139,26,14.080,Knossos,C:/Users/him628/Documents/Knossos-LCP.shp|layername=Knossos-LCP
139,100,14.080,Knossos,C:/Users/him628/Documents/Knossos-LCP.shp|layername=Knossos-LCP
139,92,14.663,Knossos,C:/Users/him628/Documents/Knossos-LCP.shp|layername=Knossos-LCP
139,28,14.663,Knossos,C:/Users/him628/Documents/Knossos-LCP.shp|layername=Knossos-LCP
139,409,15.285,Knossos,C:/Users/him628/Documents/Knossos-LCP.shp|layername=Knossos-LCP
139,411,16.262,Knossos,C:/Users/him628/Documents/Knossos-LCP.shp|layername=Knossos-LCP
139,16,17.747,Knossos,C:/Users/him628/Documents/Knossos-LCP.shp|layername=Knossos-LCP
139,13,18.018,Knossos,C:/Users/him628/Documents/Knossos-LCP.shp|layername=Knossos-LCP
139,121,18.047,Knossos,C:/Users/him628/Documents/Knossos-LCP.shp|layername=Knossos-LCP
139,364,18.047,Knossos,C:/Users/him628/Documents/Knossos-LCP.shp|layername=Knossos-LCP
139,212,19.922,Knossos,C:/Users/him628/Documents/Knossos-LCP.shp|layername=Knossos-LCP
139,216,19.922,Knossos,C:/Users/him628/Documents/Knossos-LCP.shp|layername=Knossos-LCP
139,336,25.466,Knossos,C:/Users/him628/Documents/Knossos-LCP.shp|layername=Knossos-LCP
139,63,27.752,Knossos,C:/Users/him628/Documents/Knossos-LCP.shp|layername=Knossos-LCP
212,212,0.000,Nessana,C:/Users/him628/Documents/Nessana-LCP.shp|layername=Nessana-LCP
212,216,0.000,Nessana,C:/Users/him628/Documents/Nessana-LCP.shp|layername=Nessana-LCP
212,121,2.835,Nessana,C:/Users/him628/Documents/Nessana-LCP.shp|layername=Nessana-LCP
212,364,2.835,Nessana,C:/Users/him628/Documents/Nessana-LCP.shp|layername=Nessana-LCP
212,411,3.660,Nessana,C:/Users/him628/Documents/Nessana-LCP.shp|layername=Nessana-LCP
212,336,5.544,Nessana,C:/Users/him628/Documents/Nessana-LCP.shp|layername=Nessana-LCP
212,92,7.446,Nessana,C:/Users/him628/Documents/Nessana-LCP.shp|layername=Nessana-LCP
212,28,7.446,Nessana,C:/Users/him628/Documents/Nessana-LCP.shp|layername=Nessana-LCP
212,26,7.452,Nessana,C:/Users/him628/Documents/Nessana-LCP.shp|layername=Nessana-LCP
212,100,7.452,Nessana,C:/Users/him628/Documents/Nessana-LCP.shp|layername=Nessana-LCP
212,330,9.241,Nessana,C:/Users/him628/Documents/Nessana-LCP.shp|layername=Nessana-LCP
212,16,9.352,Nessana,C:/Users/him628/Documents/Nessana-LCP.shp|layername=Nessana-LCP
212,409,10.275,Nessana,C:/Users/him628/Documents/Nessana-LCP.shp|layername=Nessana-LCP
212,91,17.666,Nessana,C:/Users/him628/Documents/Nessana-LCP.shp|layername=Nessana-LCP
212,347,17.666,Nessana,C:/Users/him628/Documents/Nessana-LCP.shp|layername=Nessana-LCP
212,365,19.566,Nessana,C:/Users/him628/Documents/Nessana-LCP.shp|layername=Nessana-LCP
212,102,19.637,Nessana,C:/Users/him628/Documents/Nessana-LCP.shp|layername=Nessana-LCP
212,334,19.646,Nessana,C:/Users/him628/Documents/Nessana-LCP.shp|layername=Nessana-LCP
212,40,19.773,Nessana,C:/Users/him628/Documents/Nessana-LCP.shp|layername=Nessana-LCP
212,139,19.922,Nessana,C:/Users/him628/Documents/Nessana-LCP.shp|layername=Nessana-LCP
212,13,20.647,Nessana,C:/Users/him628/Documents/Nessana-LCP.shp|layername=Nessana-LCP
212,460,21.563,Nessana,C:/Users/him628/Documents/Nessana-LCP.shp|layername=Nessana-LCP
212,41,23.844,Nessana,C:/Users/him628/Documents/Nessana-LCP.shp|layername=Nessana-LCP
212,66,23.931,Nessana,C:/Users/him628/Documents/Nessana-LCP.shp|layername=Nessana-LCP
212,34,23.931,Nessana,C:/Users/him628/Documents/Nessana-LCP.shp|layername=Nessana-LCP
212,387,29.159,Nessana,C:/Users/him628/Documents/Nessana-LCP.shp|layername=Nessana-LCP
212,57,31.080,Nessana,C:/Users/him628/Documents/Nessana-LCP.shp|layername=Nessana-LCP
212,63,43.964,Nessana,C:/Users/him628/Documents/Nessana-LCP.shp|layername=Nessana-LCP
216,212,0.000,Oboda,C:/Users/him628/Documents/Oboda-LCP.shp|layername=Oboda-LCP
216,216,0.000,Oboda,C:/Users/him628/Documents/Oboda-LCP.shp|layername=Oboda-LCP
216,121,2.835,Oboda,C:/Users/him628/Documents/Oboda-LCP.shp|layername=Oboda-LCP
216,364,2.835,Oboda,C:/Users/him628/Documents/Oboda-LCP.shp|layername=Oboda-LCP
216,411,3.660,Oboda,C:/Users/him628/Documents/Oboda-LCP.shp|layername=Oboda-LCP
216,336,5.544,Oboda,C:/Users/him628/Documents/Oboda-LCP.shp|layername=Oboda-LCP
216,92,7.446,Oboda,C:/Users/him628/Documents/Oboda-LCP.shp|layername=Oboda-LCP
216,28,7.446,Oboda,C:/Users/him628/Documents/Oboda-LCP.shp|layername=Oboda-LCP
216,26,7.452,Oboda,C:/Users/him628/Documents/Oboda-LCP.shp|layername=Oboda-LCP
216,100,7.452,Oboda,C:/Users/him628/Documents/Oboda-LCP.shp|layername=Oboda-LCP
216,330,9.241,Oboda,C:/Users/him628/Documents/Oboda-LCP.shp|layername=Oboda-LCP
216,16,9.352,Oboda,C:/Users/him628/Documents/Oboda-LCP.shp|layername=Oboda-LCP
216,409,10.275,Oboda,C:/Users/him628/Documents/Oboda-LCP.shp|layername=Oboda-LCP
216,91,17.666,Oboda,C:/Users/him628/Documents/Oboda-LCP.shp|layername=Oboda-LCP
216,347,17.666,Oboda,C:/Users/him628/Documents/Oboda-LCP.shp|layername=Oboda-LCP
216,365,19.566,Oboda,C:/Users/him628/Documents/Oboda-LCP.shp|layername=Oboda-LCP
216,102,19.637,Oboda,C:/Users/him628/Documents/Oboda-LCP.shp|layername=Oboda-LCP
216,334,19.646,Oboda,C:/Users/him628/Documents/Oboda-LCP.shp|layername=Oboda-LCP
216,40,19.773,Oboda,C:/Users/him628/Documents/Oboda-LCP.shp|layername=Oboda-LCP
216,139,19.922,Oboda,C:/Users/him628/Documents/Oboda-LCP.shp|layername=Oboda-LCP
216,13,20.647,Oboda,C:/Users/him628/Documents/Oboda-LCP.shp|layername=Oboda-LCP
216,460,21.563,Oboda,C:/Users/him628/Documents/Oboda-LCP.shp|layername=Oboda-LCP
216,41,23.844,Oboda,C:/Users/him628/Documents/Oboda-LCP.shp|layername=Oboda-LCP
216,66,23.931,Oboda,C:/Users/him628/Documents/Oboda-LCP.shp|layername=Oboda-LCP
216,34,23.931,Oboda,C:/Users/him628/Documents/Oboda-LCP.shp|layername=Oboda-LCP
216,387,29.159,Oboda,C:/Users/him628/Documents/Oboda-LCP.shp|layername=Oboda-LCP
216,57,31.080,Oboda,C:/Users/him628/Documents/Oboda-LCP.shp|layername=Oboda-LCP
216,63,43.964,Oboda,C:/Users/him628/Documents/Oboda-LCP.shp|layername=Oboda-LCP
330,330,0.000,Paphos,C:/Users/him628/Documents/Paphos-LCP.shp|layername=Paphos-LCP
330,26,3.918,Paphos,C:/Users/him628/Documents/Paphos-LCP.shp|layername=Paphos-LCP
330,100,3.918,Paphos,C:/Users/him628/Documents/Paphos-LCP.shp|layername=Paphos-LCP
330,92,4.015,Paphos,C:/Users/him628/Documents/Paphos-LCP.shp|layername=Paphos-LCP
330,28,4.015,Paphos,C:/Users/him628/Documents/Paphos-LCP.shp|layername=Paphos-LCP
330,409,5.278,Paphos,C:/Users/him628/Documents/Paphos-LCP.shp|layername=Paphos-LCP
330,411,5.581,Paphos,C:/Users/him628/Documents/Paphos-LCP.shp|layername=Paphos-LCP
330,121,7.366,Paphos,C:/Users/him628/Documents/Paphos-LCP.shp|layername=Paphos-LCP
330,364,7.366,Paphos,C:/Users/him628/Documents/Paphos-LCP.shp|layername=Paphos-LCP
330,212,9.241,Paphos,C:/Users/him628/Documents/Paphos-LCP.shp|layername=Paphos-LCP
330,216,9.241,Paphos,C:/Users/him628/Documents/Paphos-LCP.shp|layername=Paphos-LCP
330,91,10.284,Paphos,C:/Users/him628/Documents/Paphos-LCP.shp|layername=Paphos-LCP
330,347,10.284,Paphos,C:/Users/him628/Documents/Paphos-LCP.shp|layername=Paphos-LCP
330,365,12.184,Paphos,C:/Users/him628/Documents/Paphos-LCP.shp|layername=Paphos-LCP
330,102,12.255,Paphos,C:/Users/him628/Documents/Paphos-LCP.shp|layername=Paphos-LCP
330,334,12.264,Paphos,C:/Users/him628/Documents/Paphos-LCP.shp|layername=Paphos-LCP
330,40,12.391,Paphos,C:/Users/him628/Documents/Paphos-LCP.shp|layername=Paphos-LCP
330,139,12.540,Paphos,C:/Users/him628/Documents/Paphos-LCP.shp|layername=Paphos-LCP
330,13,13.265,Paphos,C:/Users/him628/Documents/Paphos-LCP.shp|layername=Paphos-LCP
330,460,14.181,Paphos,C:/Users/him628/Documents/Paphos-LCP.shp|layername=Paphos-LCP
330,16,14.560,Paphos,C:/Users/him628/Documents/Paphos-LCP.shp|layername=Paphos-LCP
330,336,14.785,Paphos,C:/Users/him628/Documents/Paphos-LCP.shp|layername=Paphos-LCP
330,41,16.462,Paphos,C:/Users/him628/Documents/Paphos-LCP.shp|layername=Paphos-LCP
330,66,16.549,Paphos,C:/Users/him628/Documents/Paphos-LCP.shp|layername=Paphos-LCP
330,34,16.549,Paphos,C:/Users/him628/Documents/Paphos-LCP.shp|layername=Paphos-LCP
330,387,21.776,Paphos,C:/Users/him628/Documents/Paphos-LCP.shp|layername=Paphos-LCP
330,57,23.698,Paphos,C:/Users/him628/Documents/Paphos-LCP.shp|layername=Paphos-LCP
330,63,36.582,Paphos,C:/Users/him628/Documents/Paphos-LCP.shp|layername=Paphos-LCP
334,334,0.000,Pergamon,C:/Users/him628/Documents/Pergamon-LCP.shp|layername=Pergamon-LCP
334,91,1.980,Pergamon,C:/Users/him628/Documents/Pergamon-LCP.shp|layername=Pergamon-LCP
334,347,1.980,Pergamon,C:/Users/him628/Documents/Pergamon-LCP.shp|layername=Pergamon-LCP
334,40,3.070,Pergamon,C:/Users/him628/Documents/Pergamon-LCP.shp|layername=Pergamon-LCP
334,460,3.080,Pergamon,C:/Users/him628/Documents/Pergamon-LCP.shp|layername=Pergamon-LCP
334,365,3.880,Pergamon,C:/Users/him628/Documents/Pergamon-LCP.shp|layername=Pergamon-LCP
334,66,7.929,Pergamon,C:/Users/him628/Documents/Pergamon-LCP.shp|layername=Pergamon-LCP
334,34,7.929,Pergamon,C:/Users/him628/Documents/Pergamon-LCP.shp|layername=Pergamon-LCP
334,102,7.941,Pergamon,C:/Users/him628/Documents/Pergamon-LCP.shp|layername=Pergamon-LCP
334,139,8.226,Pergamon,C:/Users/him628/Documents/Pergamon-LCP.shp|layername=Pergamon-LCP
334,41,8.471,Pergamon,C:/Users/him628/Documents/Pergamon-LCP.shp|layername=Pergamon-LCP
334,13,9.856,Pergamon,C:/Users/him628/Documents/Pergamon-LCP.shp|layername=Pergamon-LCP
334,387,10.708,Pergamon,C:/Users/him628/Documents/Pergamon-LCP.shp|layername=Pergamon-LCP
334,330,12.264,Pergamon,C:/Users/him628/Documents/Pergamon-LCP.shp|layername=Pergamon-LCP
334,26,13.804,Pergamon,C:/Users/him628/Documents/Pergamon-LCP.shp|layername=Pergamon-LCP
334,100,13.804,Pergamon,C:/Users/him628/Documents/Pergamon-LCP.shp|layername=Pergamon-LCP
334,92,14.387,Pergamon,C:/Users/him628/Documents/Pergamon-LCP.shp|layername=Pergamon-LCP
334,28,14.387,Pergamon,C:/Users/him628/Documents/Pergamon-LCP.shp|layername=Pergamon-LCP
334,409,15.009,Pergamon,C:/Users/him628/Documents/Pergamon-LCP.shp|layername=Pergamon-LCP
334,411,15.986,Pergamon,C:/Users/him628/Documents/Pergamon-LCP.shp|layername=Pergamon-LCP
334,121,17.771,Pergamon,C:/Users/him628/Documents/Pergamon-LCP.shp|layername=Pergamon-LCP
334,364,17.771,Pergamon,C:/Users/him628/Documents/Pergamon-LCP.shp|layername=Pergamon-LCP
334,57,19.384,Pergamon,C:/Users/him628/Documents/Pergamon-LCP.shp|layername=Pergamon-LCP
334,212,19.646,Pergamon,C:/Users/him628/Documents/Pergamon-LCP.shp|layername=Pergamon-LCP
334,216,19.646,Pergamon,C:/Users/him628/Documents/Pergamon-LCP.shp|layername=Pergamon-LCP
334,16,22.979,Pergamon,C:/Users/him628/Documents/Pergamon-LCP.shp|layername=Pergamon-LCP
334,336,25.190,Pergamon,C:/Users/him628/Documents/Pergamon-LCP.shp|layername=Pergamon-LCP
334,63,26.924,Pergamon,C:/Users/him628/Documents/Pergamon-LCP.shp|layername=Pergamon-LCP
336,336,0.000,Petra,C:/Users/him628/Documents/Petra-LCP.shp|layername=Petra-LCP
336,212,5.544,Petra,C:/Users/him628/Documents/Petra-LCP.shp|layername=Petra-LCP
336,216,5.544,Petra,C:/Users/him628/Documents/Petra-LCP.shp|layername=Petra-LCP
336,121,8.379,Petra,C:/Users/him628/Documents/Petra-LCP.shp|layername=Petra-LCP
336,364,8.379,Petra,C:/Users/him628/Documents/Petra-LCP.shp|layername=Petra-LCP
336,411,9.204,Petra,C:/Users/him628/Documents/Petra-LCP.shp|layername=Petra-LCP
336,92,12.989,Petra,C:/Users/him628/Documents/Petra-LCP.shp|layername=Petra-LCP
336,28,12.989,Petra,C:/Users/him628/Documents/Petra-LCP.shp|layername=Petra-LCP
336,26,12.995,Petra,C:/Users/him628/Documents/Petra-LCP.shp|layername=Petra-LCP
336,100,12.995,Petra,C:/Users/him628/Documents/Petra-LCP.shp|layername=Petra-LCP
336,330,14.785,Petra,C:/Users/him628/Documents/Petra-LCP.shp|layername=Petra-LCP
336,16,14.895,Petra,C:/Users/him628/Documents/Petra-LCP.shp|layername=Petra-LCP
336,409,15.818,Petra,C:/Users/him628/Documents/Petra-LCP.shp|layername=Petra-LCP
336,91,23.210,Petra,C:/Users/him628/Documents/Petra-LCP.shp|layername=Petra-LCP
336,347,23.210,Petra,C:/Users/him628/Documents/Petra-LCP.shp|layername=Petra-LCP
336,365,25.110,Petra,C:/Users/him628/Documents/Petra-LCP.shp|layername=Petra-LCP
336,102,25.180,Petra,C:/Users/him628/Documents/Petra-LCP.shp|layername=Petra-LCP
336,334,25.190,Petra,C:/Users/him628/Documents/Petra-LCP.shp|layername=Petra-LCP
336,40,25.317,Petra,C:/Users/him628/Documents/Petra-LCP.shp|layername=Petra-LCP
336,139,25.466,Petra,C:/Users/him628/Documents/Petra-LCP.shp|layername=Petra-LCP
336,13,26.191,Petra,C:/Users/him628/Documents/Petra-LCP.shp|layername=Petra-LCP
336,460,27.107,Petra,C:/Users/him628/Documents/Petra-LCP.shp|layername=Petra-LCP
336,41,29.388,Petra,C:/Users/him628/Documents/Petra-LCP.shp|layername=Petra-LCP
336,66,29.475,Petra,C:/Users/him628/Documents/Petra-LCP.shp|layername=Petra-LCP
336,34,29.475,Petra,C:/Users/him628/Documents/Petra-LCP.shp|layername=Petra-LCP
336,387,34.702,Petra,C:/Users/him628/Documents/Petra-LCP.shp|layername=Petra-LCP
336,57,36.624,Petra,C:/Users/him628/Documents/Petra-LCP.shp|layername=Petra-LCP
336,63,49.508,Petra,C:/Users/him628/Documents/Petra-LCP.shp|layername=Petra-LCP
347,91,0.000,Priene,C:/Users/him628/Documents/Priene-LCP.shp|layername=Priene-LCP
347,347,0.000,Priene,C:/Users/him628/Documents/Priene-LCP.shp|layername=Priene-LCP
347,365,1.900,Priene,C:/Users/him628/Documents/Priene-LCP.shp|layername=Priene-LCP
347,334,1.980,Priene,C:/Users/him628/Documents/Priene-LCP.shp|layername=Priene-LCP
347,40,2.107,Priene,C:/Users/him628/Documents/Priene-LCP.shp|layername=Priene-LCP
347,460,3.897,Priene,C:/Users/him628/Documents/Priene-LCP.shp|layername=Priene-LCP
347,102,5.961,Priene,C:/Users/him628/Documents/Priene-LCP.shp|layername=Priene-LCP
347,139,6.246,Priene,C:/Users/him628/Documents/Priene-LCP.shp|layername=Priene-LCP
347,66,8.589,Priene,C:/Users/him628/Documents/Priene-LCP.shp|layername=Priene-LCP
347,34,8.589,Priene,C:/Users/him628/Documents/Priene-LCP.shp|layername=Priene-LCP
347,41,9.131,Priene,C:/Users/him628/Documents/Priene-LCP.shp|layername=Priene-LCP
347,330,10.284,Priene,C:/Users/him628/Documents/Priene-LCP.shp|layername=Priene-LCP
347,387,11.493,Priene,C:/Users/him628/Documents/Priene-LCP.shp|layername=Priene-LCP
347,13,11.772,Priene,C:/Users/him628/Documents/Priene-LCP.shp|layername=Priene-LCP
347,26,11.824,Priene,C:/Users/him628/Documents/Priene-LCP.shp|layername=Priene-LCP
347,100,11.824,Priene,C:/Users/him628/Documents/Priene-LCP.shp|layername=Priene-LCP
347,92,12.407,Priene,C:/Users/him628/Documents/Priene-LCP.shp|layername=Priene-LCP
347,28,12.407,Priene,C:/Users/him628/Documents/Priene-LCP.shp|layername=Priene-LCP
347,409,13.029,Priene,C:/Users/him628/Documents/Priene-LCP.shp|layername=Priene-LCP
347,411,14.006,Priene,C:/Users/him628/Documents/Priene-LCP.shp|layername=Priene-LCP
347,121,15.791,Priene,C:/Users/him628/Documents/Priene-LCP.shp|layername=Priene-LCP
347,364,15.791,Priene,C:/Users/him628/Documents/Priene-LCP.shp|layername=Priene-LCP
347,57,17.404,Priene,C:/Users/him628/Documents/Priene-LCP.shp|layername=Priene-LCP
347,212,17.666,Priene,C:/Users/him628/Documents/Priene-LCP.shp|layername=Priene-LCP
347,216,17.666,Priene,C:/Users/him628/Documents/Priene-LCP.shp|layername=Priene-LCP
347,16,20.999,Priene,C:/Users/him628/Documents/Priene-LCP.shp|layername=Priene-LCP
347,336,23.210,Priene,C:/Users/him628/Documents/Priene-LCP.shp|layername=Priene-LCP
347,63,27.584,Priene,C:/Users/him628/Documents/Priene-LCP.shp|layername=Priene-LCP
364,121,0.000,Samaria,C:/Users/him628/Documents/Smaria-LCP.shp|layername=Smaria-LCP
364,364,0.000,Samaria,C:/Users/him628/Documents/Smaria-LCP.shp|layername=Smaria-LCP
364,411,1.785,Samaria,C:/Users/him628/Documents/Smaria-LCP.shp|layername=Smaria-LCP
364,212,2.835,Samaria,C:/Users/him628/Documents/Smaria-LCP.shp|layername=Smaria-LCP
364,216,2.835,Samaria,C:/Users/him628/Documents/Smaria-LCP.shp|layername=Smaria-LCP
364,92,5.570,Samaria,C:/Users/him628/Documents/Smaria-LCP.shp|layername=Smaria-LCP
364,28,5.570,Samaria,C:/Users/him628/Documents/Smaria-LCP.shp|layername=Smaria-LCP
364,26,5.576,Samaria,C:/Users/him628/Documents/Smaria-LCP.shp|layername=Smaria-LCP
364,100,5.576,Samaria,C:/Users/him628/Documents/Smaria-LCP.shp|layername=Smaria-LCP
364,330,7.366,Samaria,C:/Users/him628/Documents/Smaria-LCP.shp|layername=Smaria-LCP
364,336,8.379,Samaria,C:/Users/him628/Documents/Smaria-LCP.shp|layername=Smaria-LCP
364,409,8.399,Samaria,C:/Users/him628/Documents/Smaria-LCP.shp|layername=Smaria-LCP
364,16,12.187,Samaria,C:/Users/him628/Documents/Smaria-LCP.shp|layername=Smaria-LCP
364,91,15.791,Samaria,C:/Users/him628/Documents/Smaria-LCP.shp|layername=Smaria-LCP
364,347,15.791,Samaria,C:/Users/him628/Documents/Smaria-LCP.shp|layername=Smaria-LCP
364,365,17.691,Samaria,C:/Users/him628/Documents/Smaria-LCP.shp|layername=Smaria-LCP
364,102,17.761,Samaria,C:/Users/him628/Documents/Smaria-LCP.shp|layername=Smaria-LCP
364,334,17.771,Samaria,C:/Users/him628/Documents/Smaria-LCP.shp|layername=Smaria-LCP
364,40,17.898,Samaria,C:/Users/him628/Documents/Smaria-LCP.shp|layername=Smaria-LCP
364,139,18.047,Samaria,C:/Users/him628/Documents/Smaria-LCP.shp|layername=Smaria-LCP
364,13,18.772,Samaria,C:/Users/him628/Documents/Smaria-LCP.shp|layername=Smaria-LCP
364,460,19.688,Samaria,C:/Users/him628/Documents/Smaria-LCP.shp|layername=Smaria-LCP
364,41,21.969,Samaria,C:/Users/him628/Documents/Smaria-LCP.shp|layername=Smaria-LCP
364,66,22.056,Samaria,C:/Users/him628/Documents/Smaria-LCP.shp|layername=Smaria-LCP
364,34,22.056,Samaria,C:/Users/him628/Documents/Smaria-LCP.shp|layername=Smaria-LCP
364,387,27.283,Samaria,C:/Users/him628/Documents/Smaria-LCP.shp|layername=Smaria-LCP
364,57,29.205,Samaria,C:/Users/him628/Documents/Smaria-LCP.shp|layername=Smaria-LCP
364,63,42.089,Samaria,C:/Users/him628/Documents/Smaria-LCP.shp|layername=Smaria-LCP
365,365,0.000,Samos,C:/Users/him628/Documents/Samos-LCP.shp|layername=Samos-LCP
365,91,1.900,Samos,C:/Users/him628/Documents/Samos-LCP.shp|layername=Samos-LCP
365,347,1.900,Samos,C:/Users/him628/Documents/Samos-LCP.shp|layername=Samos-LCP
365,40,2.990,Samos,C:/Users/him628/Documents/Samos-LCP.shp|layername=Samos-LCP
365,334,3.880,Samos,C:/Users/him628/Documents/Samos-LCP.shp|layername=Samos-LCP
365,460,4.780,Samos,C:/Users/him628/Documents/Samos-LCP.shp|layername=Samos-LCP
365,102,6.821,Samos,C:/Users/him628/Documents/Samos-LCP.shp|layername=Samos-LCP
365,139,7.106,Samos,C:/Users/him628/Documents/Samos-LCP.shp|layername=Samos-LCP
365,41,8.640,Samos,C:/Users/him628/Documents/Samos-LCP.shp|layername=Samos-LCP
365,66,9.009,Samos,C:/Users/him628/Documents/Samos-LCP.shp|layername=Samos-LCP
365,34,9.009,Samos,C:/Users/him628/Documents/Samos-LCP.shp|layername=Samos-LCP
365,330,12.184,Samos,C:/Users/him628/Documents/Samos-LCP.shp|layername=Samos-LCP
365,387,12.375,Samos,C:/Users/him628/Documents/Samos-LCP.shp|layername=Samos-LCP
365,13,13.056,Samos,C:/Users/him628/Documents/Samos-LCP.shp|layername=Samos-LCP
365,26,13.724,Samos,C:/Users/him628/Documents/Samos-LCP.shp|layername=Samos-LCP
365,100,13.724,Samos,C:/Users/him628/Documents/Samos-LCP.shp|layername=Samos-LCP
365,92,14.307,Samos,C:/Users/him628/Documents/Samos-LCP.shp|layername=Samos-LCP
365,28,14.307,Samos,C:/Users/him628/Documents/Samos-LCP.shp|layername=Samos-LCP
365,409,14.929,Samos,C:/Users/him628/Documents/Samos-LCP.shp|layername=Samos-LCP
365,411,15.906,Samos,C:/Users/him628/Documents/Samos-LCP.shp|layername=Samos-LCP
365,121,17.691,Samos,C:/Users/him628/Documents/Samos-LCP.shp|layername=Samos-LCP
365,364,17.691,Samos,C:/Users/him628/Documents/Samos-LCP.shp|layername=Samos-LCP
365,57,18.264,Samos,C:/Users/him628/Documents/Samos-LCP.shp|layername=Samos-LCP
365,212,19.566,Samos,C:/Users/him628/Documents/Samos-LCP.shp|layername=Samos-LCP
365,216,19.566,Samos,C:/Users/him628/Documents/Samos-LCP.shp|layername=Samos-LCP
365,16,21.983,Samos,C:/Users/him628/Documents/Samos-LCP.shp|layername=Samos-LCP
365,336,25.110,Samos,C:/Users/him628/Documents/Samos-LCP.shp|layername=Samos-LCP
365,63,28.004,Samos,C:/Users/him628/Documents/Samos-LCP.shp|layername=Samos-LCP
387,387,0.000,Stobi,C:/Users/him628/OneDrive - Vrije Universiteit Amsterdam/Work/Research/GIS/Layers/icrates-orbis/Stobi-LCP.shp|layername=Stobi-LCP
387,66,5.850,Stobi,C:/Users/him628/OneDrive - Vrije Universiteit Amsterdam/Work/Research/GIS/Layers/icrates-orbis/Stobi-LCP.shp|layername=Stobi-LCP
387,34,5.850,Stobi,C:/Users/him628/OneDrive - Vrije Universiteit Amsterdam/Work/Research/GIS/Layers/icrates-orbis/Stobi-LCP.shp|layername=Stobi-LCP
387,41,6.881,Stobi,C:/Users/him628/OneDrive - Vrije Universiteit Amsterdam/Work/Research/GIS/Layers/icrates-orbis/Stobi-LCP.shp|layername=Stobi-LCP
387,460,7.628,Stobi,C:/Users/him628/OneDrive - Vrije Universiteit Amsterdam/Work/Research/GIS/Layers/icrates-orbis/Stobi-LCP.shp|layername=Stobi-LCP
387,40,9.385,Stobi,C:/Users/him628/OneDrive - Vrije Universiteit Amsterdam/Work/Research/GIS/Layers/icrates-orbis/Stobi-LCP.shp|layername=Stobi-LCP
387,334,10.708,Stobi,C:/Users/him628/OneDrive - Vrije Universiteit Amsterdam/Work/Research/GIS/Layers/icrates-orbis/Stobi-LCP.shp|layername=Stobi-LCP
387,91,11.493,Stobi,C:/Users/him628/OneDrive - Vrije Universiteit Amsterdam/Work/Research/GIS/Layers/icrates-orbis/Stobi-LCP.shp|layername=Stobi-LCP
387,347,11.493,Stobi,C:/Users/him628/OneDrive - Vrije Universiteit Amsterdam/Work/Research/GIS/Layers/icrates-orbis/Stobi-LCP.shp|layername=Stobi-LCP
387,365,12.375,Stobi,C:/Users/him628/OneDrive - Vrije Universiteit Amsterdam/Work/Research/GIS/Layers/icrates-orbis/Stobi-LCP.shp|layername=Stobi-LCP
387,102,12.394,Stobi,C:/Users/him628/OneDrive - Vrije Universiteit Amsterdam/Work/Research/GIS/Layers/icrates-orbis/Stobi-LCP.shp|layername=Stobi-LCP
387,139,13.569,Stobi,C:/Users/him628/OneDrive - Vrije Universiteit Amsterdam/Work/Research/GIS/Layers/icrates-orbis/Stobi-LCP.shp|layername=Stobi-LCP
387,13,16.193,Stobi,C:/Users/him628/OneDrive - Vrije Universiteit Amsterdam/Work/Research/GIS/Layers/icrates-orbis/Stobi-LCP.shp|layername=Stobi-LCP
387,330,21.776,Stobi,C:/Users/him628/OneDrive - Vrije Universiteit Amsterdam/Work/Research/GIS/Layers/icrates-orbis/Stobi-LCP.shp|layername=Stobi-LCP
387,57,22.823,Stobi,C:/Users/him628/OneDrive - Vrije Universiteit Amsterdam/Work/Research/GIS/Layers/icrates-orbis/Stobi-LCP.shp|layername=Stobi-LCP
387,26,23.316,Stobi,C:/Users/him628/OneDrive - Vrije Universiteit Amsterdam/Work/Research/GIS/Layers/icrates-orbis/Stobi-LCP.shp|layername=Stobi-LCP
387,100,23.316,Stobi,C:/Users/him628/OneDrive - Vrije Universiteit Amsterdam/Work/Research/GIS/Layers/icrates-orbis/Stobi-LCP.shp|layername=Stobi-LCP
387,92,23.900,Stobi,C:/Users/him628/OneDrive - Vrije Universiteit Amsterdam/Work/Research/GIS/Layers/icrates-orbis/Stobi-LCP.shp|layername=Stobi-LCP
387,28,23.900,Stobi,C:/Users/him628/OneDrive - Vrije Universiteit Amsterdam/Work/Research/GIS/Layers/icrates-orbis/Stobi-LCP.shp|layername=Stobi-LCP
387,409,24.521,Stobi,C:/Users/him628/OneDrive - Vrije Universiteit Amsterdam/Work/Research/GIS/Layers/icrates-orbis/Stobi-LCP.shp|layername=Stobi-LCP
387,63,24.733,Stobi,C:/Users/him628/OneDrive - Vrije Universiteit Amsterdam/Work/Research/GIS/Layers/icrates-orbis/Stobi-LCP.shp|layername=Stobi-LCP
387,411,25.498,Stobi,C:/Users/him628/OneDrive - Vrije Universiteit Amsterdam/Work/Research/GIS/Layers/icrates-orbis/Stobi-LCP.shp|layername=Stobi-LCP
387,121,27.283,Stobi,C:/Users/him628/OneDrive - Vrije Universiteit Amsterdam/Work/Research/GIS/Layers/icrates-orbis/Stobi-LCP.shp|layername=Stobi-LCP
387,364,27.283,Stobi,C:/Users/him628/OneDrive - Vrije Universiteit Amsterdam/Work/Research/GIS/Layers/icrates-orbis/Stobi-LCP.shp|layername=Stobi-LCP
387,16,28.446,Stobi,C:/Users/him628/OneDrive - Vrije Universiteit Amsterdam/Work/Research/GIS/Layers/icrates-orbis/Stobi-LCP.shp|layername=Stobi-LCP
387,212,29.159,Stobi,C:/Users/him628/OneDrive - Vrije Universiteit Amsterdam/Work/Research/GIS/Layers/icrates-orbis/Stobi-LCP.shp|layername=Stobi-LCP
387,216,29.159,Stobi,C:/Users/him628/OneDrive - Vrije Universiteit Amsterdam/Work/Research/GIS/Layers/icrates-orbis/Stobi-LCP.shp|layername=Stobi-LCP
387,336,34.702,Stobi,C:/Users/him628/OneDrive - Vrije Universiteit Amsterdam/Work/Research/GIS/Layers/icrates-orbis/Stobi-LCP.shp|layername=Stobi-LCP
409,409,0.000,Tarsos,C:/Users/him628/Documents/Tarsos-LCP.shp|layername=Tarsos-LCP
409,26,3.530,Tarsos,C:/Users/him628/Documents/Tarsos-LCP.shp|layername=Tarsos-LCP
409,100,3.530,Tarsos,C:/Users/him628/Documents/Tarsos-LCP.shp|layername=Tarsos-LCP
409,92,4.395,Tarsos,C:/Users/him628/Documents/Tarsos-LCP.shp|layername=Tarsos-LCP
409,28,4.395,Tarsos,C:/Users/him628/Documents/Tarsos-LCP.shp|layername=Tarsos-LCP
409,330,5.278,Tarsos,C:/Users/him628/Documents/Tarsos-LCP.shp|layername=Tarsos-LCP
409,411,6.614,Tarsos,C:/Users/him628/Documents/Tarsos-LCP.shp|layername=Tarsos-LCP
409,121,8.399,Tarsos,C:/Users/him628/Documents/Tarsos-LCP.shp|layername=Tarsos-LCP
409,364,8.399,Tarsos,C:/Users/him628/Documents/Tarsos-LCP.shp|layername=Tarsos-LCP
409,212,10.275,Tarsos,C:/Users/him628/Documents/Tarsos-LCP.shp|layername=Tarsos-LCP
409,216,10.275,Tarsos,C:/Users/him628/Documents/Tarsos-LCP.shp|layername=Tarsos-LCP
409,91,13.029,Tarsos,C:/Users/him628/Documents/Tarsos-LCP.shp|layername=Tarsos-LCP
409,347,13.029,Tarsos,C:/Users/him628/Documents/Tarsos-LCP.shp|layername=Tarsos-LCP
409,365,14.929,Tarsos,C:/Users/him628/Documents/Tarsos-LCP.shp|layername=Tarsos-LCP
409,102,15.000,Tarsos,C:/Users/him628/Documents/Tarsos-LCP.shp|layername=Tarsos-LCP
409,334,15.009,Tarsos,C:/Users/him628/Documents/Tarsos-LCP.shp|layername=Tarsos-LCP
409,40,15.136,Tarsos,C:/Users/him628/Documents/Tarsos-LCP.shp|layername=Tarsos-LCP
409,139,15.285,Tarsos,C:/Users/him628/Documents/Tarsos-LCP.shp|layername=Tarsos-LCP
409,336,15.818,Tarsos,C:/Users/him628/Documents/Tarsos-LCP.shp|layername=Tarsos-LCP
409,13,16.010,Tarsos,C:/Users/him628/Documents/Tarsos-LCP.shp|layername=Tarsos-LCP
409,460,16.926,Tarsos,C:/Users/him628/Documents/Tarsos-LCP.shp|layername=Tarsos-LCP
409,16,18.162,Tarsos,C:/Users/him628/Documents/Tarsos-LCP.shp|layername=Tarsos-LCP
409,41,19.207,Tarsos,C:/Users/him628/Documents/Tarsos-LCP.shp|layername=Tarsos-LCP
409,66,19.294,Tarsos,C:/Users/him628/Documents/Tarsos-LCP.shp|layername=Tarsos-LCP
409,34,19.294,Tarsos,C:/Users/him628/Documents/Tarsos-LCP.shp|layername=Tarsos-LCP
409,387,24.521,Tarsos,C:/Users/him628/Documents/Tarsos-LCP.shp|layername=Tarsos-LCP
409,57,26.443,Tarsos,C:/Users/him628/Documents/Tarsos-LCP.shp|layername=Tarsos-LCP
409,63,39.327,Tarsos,C:/Users/him628/Documents/Tarsos-LCP.shp|layername=Tarsos-LCP
411,411,0.000,Tell Anafa,C:/Users/him628/OneDrive - Vrije Universiteit Amsterdam/Work/Research/GIS/Layers/icrates-orbis/Tell-Anafa-LCP.shp|layername=Tell-Anafa-LCP
411,121,1.785,Tell Anafa,C:/Users/him628/OneDrive - Vrije Universiteit Amsterdam/Work/Research/GIS/Layers/icrates-orbis/Tell-Anafa-LCP.shp|layername=Tell-Anafa-LCP
411,364,1.785,Tell Anafa,C:/Users/him628/OneDrive - Vrije Universiteit Amsterdam/Work/Research/GIS/Layers/icrates-orbis/Tell-Anafa-LCP.shp|layername=Tell-Anafa-LCP
411,212,3.660,Tell Anafa,C:/Users/him628/OneDrive - Vrije Universiteit Amsterdam/Work/Research/GIS/Layers/icrates-orbis/Tell-Anafa-LCP.shp|layername=Tell-Anafa-LCP
411,216,3.660,Tell Anafa,C:/Users/him628/OneDrive - Vrije Universiteit Amsterdam/Work/Research/GIS/Layers/icrates-orbis/Tell-Anafa-LCP.shp|layername=Tell-Anafa-LCP
411,92,3.785,Tell Anafa,C:/Users/him628/OneDrive - Vrije Universiteit Amsterdam/Work/Research/GIS/Layers/icrates-orbis/Tell-Anafa-LCP.shp|layername=Tell-Anafa-LCP
411,28,3.785,Tell Anafa,C:/Users/him628/OneDrive - Vrije Universiteit Amsterdam/Work/Research/GIS/Layers/icrates-orbis/Tell-Anafa-LCP.shp|layername=Tell-Anafa-LCP
411,26,3.791,Tell Anafa,C:/Users/him628/OneDrive - Vrije Universiteit Amsterdam/Work/Research/GIS/Layers/icrates-orbis/Tell-Anafa-LCP.shp|layername=Tell-Anafa-LCP
411,100,3.791,Tell Anafa,C:/Users/him628/OneDrive - Vrije Universiteit Amsterdam/Work/Research/GIS/Layers/icrates-orbis/Tell-Anafa-LCP.shp|layername=Tell-Anafa-LCP
411,330,5.581,Tell Anafa,C:/Users/him628/OneDrive - Vrije Universiteit Amsterdam/Work/Research/GIS/Layers/icrates-orbis/Tell-Anafa-LCP.shp|layername=Tell-Anafa-LCP
411,409,6.614,Tell Anafa,C:/Users/him628/OneDrive - Vrije Universiteit Amsterdam/Work/Research/GIS/Layers/icrates-orbis/Tell-Anafa-LCP.shp|layername=Tell-Anafa-LCP
411,336,9.204,Tell Anafa,C:/Users/him628/OneDrive - Vrije Universiteit Amsterdam/Work/Research/GIS/Layers/icrates-orbis/Tell-Anafa-LCP.shp|layername=Tell-Anafa-LCP
411,16,12.733,Tell Anafa,C:/Users/him628/OneDrive - Vrije Universiteit Amsterdam/Work/Research/GIS/Layers/icrates-orbis/Tell-Anafa-LCP.shp|layername=Tell-Anafa-LCP
411,91,14.006,Tell Anafa,C:/Users/him628/OneDrive - Vrije Universiteit Amsterdam/Work/Research/GIS/Layers/icrates-orbis/Tell-Anafa-LCP.shp|layername=Tell-Anafa-LCP
411,347,14.006,Tell Anafa,C:/Users/him628/OneDrive - Vrije Universiteit Amsterdam/Work/Research/GIS/Layers/icrates-orbis/Tell-Anafa-LCP.shp|layername=Tell-Anafa-LCP
411,365,15.906,Tell Anafa,C:/Users/him628/OneDrive - Vrije Universiteit Amsterdam/Work/Research/GIS/Layers/icrates-orbis/Tell-Anafa-LCP.shp|layername=Tell-Anafa-LCP
411,102,15.976,Tell Anafa,C:/Users/him628/OneDrive - Vrije Universiteit Amsterdam/Work/Research/GIS/Layers/icrates-orbis/Tell-Anafa-LCP.shp|layername=Tell-Anafa-LCP
411,334,15.986,Tell Anafa,C:/Users/him628/OneDrive - Vrije Universiteit Amsterdam/Work/Research/GIS/Layers/icrates-orbis/Tell-Anafa-LCP.shp|layername=Tell-Anafa-LCP
411,40,16.113,Tell Anafa,C:/Users/him628/OneDrive - Vrije Universiteit Amsterdam/Work/Research/GIS/Layers/icrates-orbis/Tell-Anafa-LCP.shp|layername=Tell-Anafa-LCP
411,139,16.262,Tell Anafa,C:/Users/him628/OneDrive - Vrije Universiteit Amsterdam/Work/Research/GIS/Layers/icrates-orbis/Tell-Anafa-LCP.shp|layername=Tell-Anafa-LCP
411,13,16.987,Tell Anafa,C:/Users/him628/OneDrive - Vrije Universiteit Amsterdam/Work/Research/GIS/Layers/icrates-orbis/Tell-Anafa-LCP.shp|layername=Tell-Anafa-LCP
411,460,17.903,Tell Anafa,C:/Users/him628/OneDrive - Vrije Universiteit Amsterdam/Work/Research/GIS/Layers/icrates-orbis/Tell-Anafa-LCP.shp|layername=Tell-Anafa-LCP
411,41,20.184,Tell Anafa,C:/Users/him628/OneDrive - Vrije Universiteit Amsterdam/Work/Research/GIS/Layers/icrates-orbis/Tell-Anafa-LCP.shp|layername=Tell-Anafa-LCP
411,66,20.271,Tell Anafa,C:/Users/him628/OneDrive - Vrije Universiteit Amsterdam/Work/Research/GIS/Layers/icrates-orbis/Tell-Anafa-LCP.shp|layername=Tell-Anafa-LCP
411,34,20.271,Tell Anafa,C:/Users/him628/OneDrive - Vrije Universiteit Amsterdam/Work/Research/GIS/Layers/icrates-orbis/Tell-Anafa-LCP.shp|layername=Tell-Anafa-LCP
411,387,25.498,Tell Anafa,C:/Users/him628/OneDrive - Vrije Universiteit Amsterdam/Work/Research/GIS/Layers/icrates-orbis/Tell-Anafa-LCP.shp|layername=Tell-Anafa-LCP
411,57,27.420,Tell Anafa,C:/Users/him628/OneDrive - Vrije Universiteit Amsterdam/Work/Research/GIS/Layers/icrates-orbis/Tell-Anafa-LCP.shp|layername=Tell-Anafa-LCP
411,63,40.304,Tell Anafa,C:/Users/him628/OneDrive - Vrije Universiteit Amsterdam/Work/Research/GIS/Layers/icrates-orbis/Tell-Anafa-LCP.shp|layername=Tell-Anafa-LCP
460,460,0.000,Troia,C:/Users/him628/Documents/Troia-LCP.shp|layername=Troia-LCP
460,40,1.790,Troia,C:/Users/him628/Documents/Troia-LCP.shp|layername=Troia-LCP
460,334,3.080,Troia,C:/Users/him628/Documents/Troia-LCP.shp|layername=Troia-LCP
460,91,3.897,Troia,C:/Users/him628/Documents/Troia-LCP.shp|layername=Troia-LCP
460,347,3.897,Troia,C:/Users/him628/Documents/Troia-LCP.shp|layername=Troia-LCP
460,365,4.780,Troia,C:/Users/him628/Documents/Troia-LCP.shp|layername=Troia-LCP
460,66,4.849,Troia,C:/Users/him628/Documents/Troia-LCP.shp|layername=Troia-LCP
460,34,4.849,Troia,C:/Users/him628/Documents/Troia-LCP.shp|layername=Troia-LCP
460,41,5.391,Troia,C:/Users/him628/Documents/Troia-LCP.shp|layername=Troia-LCP
460,387,7.628,Troia,C:/Users/him628/Documents/Troia-LCP.shp|layername=Troia-LCP
460,13,8.565,Troia,C:/Users/him628/Documents/Troia-LCP.shp|layername=Troia-LCP
460,102,9.858,Troia,C:/Users/him628/Documents/Troia-LCP.shp|layername=Troia-LCP
460,139,10.143,Troia,C:/Users/him628/Documents/Troia-LCP.shp|layername=Troia-LCP
460,330,14.181,Troia,C:/Users/him628/Documents/Troia-LCP.shp|layername=Troia-LCP
460,26,15.721,Troia,C:/Users/him628/Documents/Troia-LCP.shp|layername=Troia-LCP
460,100,15.721,Troia,C:/Users/him628/Documents/Troia-LCP.shp|layername=Troia-LCP
460,92,16.305,Troia,C:/Users/him628/Documents/Troia-LCP.shp|layername=Troia-LCP
460,28,16.305,Troia,C:/Users/him628/Documents/Troia-LCP.shp|layername=Troia-LCP
460,409,16.926,Troia,C:/Users/him628/Documents/Troia-LCP.shp|layername=Troia-LCP
460,411,17.903,Troia,C:/Users/him628/Documents/Troia-LCP.shp|layername=Troia-LCP
460,121,19.688,Troia,C:/Users/him628/Documents/Troia-LCP.shp|layername=Troia-LCP
460,364,19.688,Troia,C:/Users/him628/Documents/Troia-LCP.shp|layername=Troia-LCP
460,57,21.302,Troia,C:/Users/him628/Documents/Troia-LCP.shp|layername=Troia-LCP
460,212,21.563,Troia,C:/Users/him628/Documents/Troia-LCP.shp|layername=Troia-LCP
460,216,21.563,Troia,C:/Users/him628/Documents/Troia-LCP.shp|layername=Troia-LCP
460,63,23.844,Troia,C:/Users/him628/Documents/Troia-LCP.shp|layername=Troia-LCP
460,16,24.896,Troia,C:/Users/him628/Documents/Troia-LCP.shp|layername=Troia-LCP
460,336,27.107,Troia,C:/Users/him628/Documents/Troia-LCP.shp|layername=Troia-LCP
